Date(UTC),Time(UTC),Total Guilds,Total Online Users,Max Users in Guild,Min Users in Guild,Mean Users in Guild,Max Guilds per User,Min Guilds per User,Mean Guilds per User
8/9/2017,1:00,464,3069,674,0,6.94612069,8,1,1.050179211
8/9/2017,2:00,464,4354,1209,0,9.810344828,8,1,1.045475425
8/9/2017,3:00,464,4985,1472,0,11.21767241,8,1,1.044132397
8/9/2017,4:00,464,3687,1053,0,8.290948276,8,1,1.043395715
8/9/2017,5:00,466,4389,1383,0,9.809012876,8,1,1.041467305
8/9/2017,6:00,466,4841,1571,0,10.79184549,8,1,1.038834951
8/9/2017,7:0,467,5249,1751,0,11.661670235546039,8,1,1.0375309582777672
8/9/2017,8:0,467,5685,1935,0,12.61456102783726,8,1,1.036235708003518
8/9/2017,9:0,466,6080,2070,0,13.521459227467812,8,1,1.0363486842105263
8/9/2017,10:0,467,6468,2190,0,14.342612419700215,8,1,1.0355596784168213
8/9/2017,11:0,468,6854,2315,0,15.166666666666666,8,1,1.0355996498395097
8/9/2017,12:0,469,7196,2426,0,15.884861407249467,8,1,1.0352973874374654
8/9/2017,13:0,469,7471,2528,0,16.48400852878465,8,1,1.034801231428189
8/9/2017,14:0,469,7735,2615,0,17.087420042643924,8,1,1.0360698125404009
8/9/2017,15:0,468,7951,2678,0,17.60683760683761,8,1,1.036347629229028
8/9/2017,16:0,469,8185,2761,0,18.091684434968016,8,1,1.0366524129505192
8/9/2017,17:0,469,8394,2822,0,18.55863539445629,8,1,1.0369311412913986
8/9/2017,18:0,468,8582,2908,0,19.004273504273506,8,1,1.0363551619669076
8/9/2017,19:0,467,8729,2964,0,19.370449678800856,8,1,1.0363157291786
8/9/2017,20:0,466,8900,3028,0,19.78969957081545,8,1,1.0361797752808988
8/9/2017,20:36,468,3398,682,0,7.5747863247863245,8,1,1.0432607416127133
8/9/2017,21:0,468,4322,1078,0,9.632478632478632,8,1,1.0430356316520129
8/9/2017,22:0,469,5532,1606,0,12.307036247334755,8,1,1.0433839479392624
8/9/2017,23:0,471,6283,1930,0,13.887473460721868,8,1,1.041063186375935
8/10/2017,0:0,473,6784,2145,0,14.93446088794926,8,1,1.0412735849056605
8/10/2017,1:0,474,7199,2321,0,15.80590717299578,8,1,1.0407000972357272
8/10/2017,2:0,474,7546,2472,0,16.548523206751057,8,1,1.0394911211237743
8/10/2017,3:0,478,7895,2602,0,17.161087866108787,8,1,1.0390120329322357
8/10/2017,4:0,478,8168,2737,0,17.742677824267783,8,1,1.0383202742409403
8/10/2017,5:0,480,8354,2826,0,18.064583333333335,8,1,1.0379458941824276
8/10/2017,6:0,481,8527,2899,0,18.388773388773387,8,1,1.0372933036237832
8/10/2017,7:0,482,8681,2952,0,18.686721991701244,8,1,1.0375532772722036
8/10/2017,8:0,482,8824,3042,0,18.975103734439834,8,1,1.03649138712602
8/10/2017,9:0,484,8981,3106,0,19.229338842975206,8,1,1.0362988531343948
8/10/2017,10:0,484,9127,3155,0,19.53305785123967,8,1,1.0358277637778022
8/10/2017,11:0,483,9265,3213,0,19.875776397515526,8,1,1.0361575822989746
8/10/2017,12:0,482,9361,3245,0,20.12655601659751,8,1,1.0363209058861234
8/10/2017,13:0,481,9462,3291,0,20.384615384615383,8,1,1.0362502642147537
8/10/2017,14:0,482,9571,3331,0,20.574688796680498,8,1,1.0361508724271236
8/10/2017,15:0,482,9685,3375,0,20.821576763485478,8,1,1.036241610738255
8/10/2017,16:0,482,9776,3412,0,21.010373443983404,8,1,1.0359042553191489
8/10/2017,17:0,482,9907,3467,0,21.296680497925312,8,1,1.0361360654082972
8/10/2017,17:59,481,2973,413,0,6.528066528066528,8,1,1.0561722166162126
8/10/2017,18:0,481,2975,413,0,6.532224532224532,8,1,1.0561344537815125
8/10/2017,19:0,482,3645,471,0,7.983402489626556,8,1,1.055692729766804
8/10/2017,20:0,480,4106,509,0,9.047916666666667,8,1,1.0577204091573307
8/10/2017,21:0,483,4496,534,0,9.84472049689441,8,1,1.0576067615658362
8/10/2017,22:0,481,3019,390,0,6.652806652806653,8,1,1.0599536270288175
8/10/2017,23:0,482,3854,448,0,8.479253112033195,8,1,1.0604566683964711
8/11/2017,0:0,483,4253,481,0,9.322981366459627,8,1,1.0587820362097342
8/11/2017,1:0,483,4560,495,0,10.006211180124224,8,1,1.0598684210526317
8/11/2017,2:0,483,4762,511,0,10.44927536231884,8,1,1.0598488030239395
8/11/2017,3:0,484,4942,540,0,10.818181818181818,8,1,1.0594900849858357
8/11/2017,4:0,485,5118,574,0,11.179381443298968,8,1,1.0593982024228215
8/11/2017,5:0,486,5233,577,0,11.40329218106996,8,1,1.059048347028473
8/11/2017,6:0,486,5367,599,0,11.687242798353909,8,1,1.058319359046022
8/11/2017,7:0,486,5495,613,0,11.954732510288066,8,1,1.0573248407643312
8/11/2017,8:0,487,5620,631,0,12.19712525667351,8,1,1.0569395017793595
8/11/2017,9:0,488,5753,657,0,12.450819672131148,8,1,1.0561446201981575
8/11/2017,10:0,487,5871,675,0,12.724845995893224,8,1,1.055527167433146
8/11/2017,11:0,487,5976,689,0,12.948665297741274,8,1,1.0552208835341366
8/11/2017,12:0,487,6069,704,0,13.15605749486653,8,1,1.0556928653814468
8/11/2017,13:0,487,6142,715,0,13.314168377823409,8,1,1.0556821882123086
8/11/2017,14:0,487,6210,718,0,13.453798767967145,8,1,1.055072463768116
8/11/2017,15:0,487,6282,727,0,13.609856262833675,8,1,1.05507800063674
8/11/2017,16:0,487,6345,735,0,13.745379876796715,8,1,1.055003940110323
8/11/2017,17:0,487,6420,752,0,13.899383983572895,8,1,1.054361370716511
8/11/2017,18:0,488,6490,764,0,14.01639344262295,8,1,1.0539291217257318
8/11/2017,19:0,489,6547,770,0,14.110429447852761,8,1,1.0539178249579961
8/11/2017,20:0,489,6626,778,0,14.278118609406953,8,1,1.053727739209176
8/11/2017,21:0,491,6674,790,0,14.325865580448065,8,1,1.053940665268205
8/11/2017,22:0,490,6725,800,0,14.465306122448979,8,1,1.0539776951672863
8/11/2017,23:0,491,6770,811,0,14.533604887983707,8,1,1.0540620384047268
8/12/2017,0:0,491,6807,819,0,14.604887983706721,8,1,1.0534743646246512
8/12/2017,1:0,492,6854,825,0,14.672764227642276,8,1,1.0532535745550045
8/12/2017,2:0,492,6891,829,0,14.727642276422765,8,1,1.051516470758961
8/12/2017,3:0,493,6927,841,0,14.768762677484787,8,1,1.0511043741879602
8/12/2017,4:0,494,6956,845,0,14.80161943319838,8,1,1.051178838412881
8/12/2017,5:0,495,7000,853,0,14.860606060606061,8,1,1.050857142857143
8/12/2017,6:0,496,7022,860,0,14.879032258064516,8,1,1.0509826260324693
8/12/2017,7:0,498,7053,868,0,14.887550200803213,8,1,1.051183893378704
8/12/2017,8:0,497,7080,879,0,14.971830985915492,8,1,1.0509887005649718
8/12/2017,9:0,497,7099,884,0,15.008048289738431,8,1,1.0507113677982813
8/12/2017,10:0,497,7113,886,0,15.03420523138833,8,1,1.0504709686489526
8/12/2017,11:0,498,7128,891,0,15.034136546184738,8,1,1.050364758698092
8/12/2017,12:0,498,7146,899,0,15.070281124497992,8,1,1.0502378953260565
8/12/2017,13:0,498,7159,902,0,15.096385542168674,8,1,1.050146668529124
8/12/2017,14:0,498,7191,908,0,15.164658634538153,8,1,1.050201640940064
8/12/2017,15:0,500,7239,911,0,15.208,8,1,1.0504213289128332
8/12/2017,16:0,500,7267,917,0,15.262,8,1,1.0500894454382828
8/12/2017,17:0,500,7302,926,0,15.336,8,1,1.0501232539030403
8/12/2017,18:0,500,7330,931,0,15.396,8,1,1.0502046384720327
8/12/2017,19:0,500,7347,933,0,15.432,8,1,1.0502245814618212
8/12/2017,20:0,500,7383,940,0,15.502,8,1,1.0498442367601246
8/12/2017,21:0,499,7397,942,0,15.557114228456914,8,1,1.0494795187238068
8/12/2017,22:0,500,7446,949,0,15.63,8,1,1.0495568090249798
8/12/2017,23:0,500,7473,964,0,15.686,8,1,1.0495115750033455
8/13/2017,0:0,503,7498,964,0,15.652087475149106,8,1,1.0500133368898372
8/13/2017,1:0,504,7514,969,0,15.65079365079365,8,1,1.0497737556561086
8/13/2017,2:0,504,7555,973,0,15.734126984126984,8,1,1.0496360026472535
8/13/2017,3:0,506,7596,979,0,15.754940711462451,8,1,1.0494997367035281
8/13/2017,4:0,507,7636,989,0,15.80276134122288,8,1,1.0492404400209534
8/13/2017,5:0,507,7654,993,0,15.844181459566075,8,1,1.049516592631304
8/13/2017,6:0,508,7669,992,0,15.84251968503937,8,1,1.0494197418177076
8/13/2017,7:0,508,7687,997,0,15.87992125984252,8,1,1.0494341095355795
8/13/2017,8:0,509,7698,998,0,15.86836935166994,8,1,1.0492335671603015
8/13/2017,9:0,510,7713,1001,0,15.866666666666667,8,1,1.049137819266174
8/13/2017,10:0,510,7722,1002,0,15.882352941176471,8,1,1.048951048951049
8/13/2017,11:0,511,7731,1008,0,15.868884540117417,8,1,1.048894062863795
8/13/2017,12:0,510,7743,1009,0,15.923529411764706,8,1,1.0488182874854708
8/13/2017,13:0,510,7755,1010,0,15.947058823529412,8,1,1.0487427466150872
8/13/2017,14:0,510,7770,1012,0,15.976470588235294,8,1,1.0486486486486486
8/13/2017,15:0,510,7791,1015,0,16.01764705882353,8,1,1.0485175202156334
8/13/2017,16:0,510,7792,1012,0,16.021568627450982,8,1,1.0486396303901437
8/13/2017,17:0,510,7811,1016,0,16.05686274509804,8,1,1.0483932915119702
8/13/2017,18:0,510,7823,1015,0,16.080392156862747,8,1,1.048319059184456
8/13/2017,19:0,511,7864,1023,0,16.12720156555773,8,1,1.04793997965412
8/13/2017,20:0,512,7881,1026,0,16.12890625,8,1,1.0478365689633296
8/13/2017,21:0,512,7902,1031,0,16.169921875,8,1,1.0477094406479373
8/13/2017,22:0,512,7930,1033,0,16.2265625,8,1,1.0476670870113494
8/13/2017,23:0,511,7944,1037,0,16.285714285714285,8,1,1.047583081570997
8/13/2017,23:59,511,7959,1043,0,16.315068493150687,8,1,1.0474934036939314
8/14/2017,0:0,511,7959,1043,0,16.315068493150687,8,1,1.0474934036939314
8/14/2017,0:10,510,2705,334,0,5.576470588235294,8,1,1.0513863216266173
8/14/2017,1:0,509,3498,385,0,7.237721021611002,8,1,1.053173241852487
8/14/2017,2:0,508,3899,426,0,8.0748031496063,8,1,1.052064631956912
8/14/2017,3:0,507,4217,473,0,8.759368836291912,8,1,1.0531183305667535
8/14/2017,4:0,507,4450,504,0,9.240631163708088,8,1,1.052808988764045
8/14/2017,5:0,508,4634,537,0,9.596456692913385,8,1,1.0520069054812258
8/14/2017,6:0,508,4828,566,0,10.011811023622048,8,1,1.0534382767191384
8/14/2017,7:0,508,5014,594,0,10.387795275590552,8,1,1.052453131232549
8/14/2017,8:0,508,5184,619,0,10.738188976377952,8,1,1.0522762345679013
8/14/2017,9:0,510,5373,648,0,11.080392156862745,8,1,1.0517401823934487
8/14/2017,10:0,510,5534,669,0,11.407843137254902,8,1,1.0513191181785326
8/14/2017,11:0,510,5680,693,0,11.70392156862745,8,1,1.0508802816901408
8/14/2017,12:0,510,5827,713,0,11.998039215686275,8,1,1.0501115496825124
8/14/2017,13:0,510,5939,725,0,12.235294117647058,8,1,1.0506819329853512
8/14/2017,14:0,511,6052,742,0,12.4559686888454,8,1,1.0517184401850628
8/14/2017,15:0,511,6166,750,0,12.686888454011742,8,1,1.051410963347389
8/14/2017,16:0,512,6260,767,0,12.86328125,8,1,1.052076677316294
8/14/2017,17:0,512,6359,778,0,13.06640625,8,1,1.0520522094668974
8/14/2017,18:0,514,6449,791,0,13.198443579766536,8,1,1.0519460381454488
8/14/2017,19:0,515,6524,798,0,13.330097087378642,8,1,1.05226854690374
8/14/2017,20:0,516,6601,807,0,13.459302325581396,8,1,1.0521133161642175
8/14/2017,21:0,516,6684,819,0,13.63953488372093,8,1,1.0529622980251347
8/14/2017,22:0,515,6764,830,0,13.825242718446601,8,1,1.0526315789473684
8/14/2017,23:0,516,6834,837,0,13.934108527131784,8,1,1.0520924787825578
8/15/2017,0:0,516,6894,847,0,14.054263565891473,8,1,1.0519292138091094
8/15/2017,1:0,517,6949,857,0,14.135396518375241,8,1,1.0516621096560657
8/15/2017,2:0,517,6999,865,0,14.235976789168278,8,1,1.0515787969709958
8/15/2017,3:0,516,6997,875,0,14.255813953488373,8,1,1.0513077033014149
8/15/2017,4:0,518,7038,881,0,14.281853281853282,8,1,1.051150895140665
8/15/2017,5:0,518,7066,884,0,14.345559845559846,8,1,1.0516558165864704
8/15/2017,6:0,519,7089,889,0,14.368015414258188,8,1,1.0519114120468331
8/15/2017,7:0,519,7101,892,0,14.391136801541426,8,1,1.0518236868046753
8/15/2017,8:0,518,7106,897,0,14.428571428571429,8,1,1.0517872220658597
8/15/2017,9:0,518,7133,903,0,14.480694980694981,8,1,1.0515911958502733
8/15/2017,10:0,518,7159,907,0,14.534749034749035,8,1,1.0516831959770918
8/15/2017,11:0,518,7187,913,0,14.592664092664092,8,1,1.0517601224433004
8/15/2017,12:0,518,7204,917,0,14.627413127413128,8,1,1.051776790671849
8/15/2017,13:0,518,7223,924,0,14.662162162162161,8,1,1.0515021459227467
8/15/2017,14:0,519,7256,928,0,14.697495183044316,8,1,1.0512679162072767
8/15/2017,15:0,519,7289,937,0,14.766859344894026,8,1,1.0514473864727671
8/15/2017,16:0,519,7319,942,0,14.828516377649326,8,1,1.0515097690941386
8/15/2017,16:59,521,7355,950,0,14.842610364683301,8,1,1.051393609789259
8/15/2017,17:0,521,7355,950,0,14.842610364683301,8,1,1.051393609789259
8/15/2017,18:0,521,7384,954,0,14.898272552783109,8,1,1.0511917659804983
8/15/2017,19:0,521,7433,960,0,14.998080614203454,8,1,1.0512579039418808
8/15/2017,20:0,522,7470,971,0,15.040229885057471,8,1,1.051004016064257
8/15/2017,21:0,522,7486,973,0,15.0727969348659,8,1,1.0510285866951643
8/15/2017,22:0,523,7530,981,0,15.12810707456979,8,1,1.050730411686587
8/15/2017,23:0,523,7561,984,0,15.187380497131931,8,1,1.0505224176696204
8/16/2017,0:0,524,7590,992,0,15.221374045801527,8,1,1.0508563899868248
8/16/2017,1:0,523,7623,995,0,15.307839388145316,8,1,1.050242686606323
8/16/2017,2:0,522,7645,1000,0,15.379310344827585,8,1,1.0500981033355135
8/16/2017,3:0,522,7689,1005,0,15.46743295019157,8,1,1.050071530758226
8/16/2017,4:0,522,7721,1006,0,15.530651340996169,8,1,1.0499935241549023
8/16/2017,5:0,523,7754,1016,0,15.565965583173996,8,1,1.0499097240134125
8/16/2017,6:0,522,7776,1025,0,15.636015325670497,8,1,1.0496399176954732
8/16/2017,7:0,523,7788,1023,0,15.62906309751434,8,1,1.049563430919363
8/16/2017,8:0,523,7803,1026,0,15.65774378585086,8,1,1.0494681532743817
8/16/2017,9:0,523,7822,1029,0,15.694072657743785,8,1,1.0493479928407057
8/16/2017,10:0,524,7838,1031,0,15.694656488549619,8,1,1.0492472569533045
8/16/2017,11:0,523,7841,1032,0,15.732313575525813,8,1,1.0493559494962377
8/16/2017,12:0,523,7864,1034,0,15.780114722753346,8,1,1.0494659206510681
8/16/2017,13:0,525,7888,1039,0,15.771428571428572,8,1,1.0496957403651115
8/16/2017,14:0,525,7902,1038,0,15.798095238095238,8,1,1.049607694254619
8/16/2017,15:0,525,7920,1040,0,15.83047619047619,8,1,1.049368686868687
8/16/2017,16:0,526,7946,1043,0,15.85171102661597,8,1,1.0493329977347092
8/16/2017,17:0,526,7961,1048,0,15.88022813688213,8,1,1.0492400452204498
8/16/2017,18:0,526,7993,1056,0,15.94486692015209,8,1,1.0492931314900538
8/16/2017,19:0,527,8004,1055,0,15.935483870967742,8,1,1.0492253873063468
8/16/2017,20:0,527,8032,1064,0,15.990512333965844,8,1,1.0491782868525896
8/16/2017,20:48,527,2943,382,0,5.857685009487666,7,1,1.0489296636085628
8/16/2017,21:0,527,3291,414,0,6.584440227703984,8,1,1.0543907626861135
8/16/2017,22:0,527,4173,468,0,8.360531309297913,8,1,1.0558351306014857
8/16/2017,23:0,528,4679,515,0,9.337121212121213,8,1,1.053643941013037
8/17/2017,0:0,529,5043,561,0,10.020793950850662,8,1,1.05116002379536
8/17/2017,1:0,529,5309,595,0,10.536862003780719,8,1,1.049915238274628
8/17/2017,2:0,530,5544,624,0,10.983018867924528,8,1,1.049963924963925
8/17/2017,3:0,532,5723,650,0,11.295112781954888,8,1,1.0499737899702952
8/17/2017,4:0,531,5855,669,0,11.585687382297552,8,1,1.050725875320239
8/17/2017,5:0,533,5978,688,0,11.782363977485929,8,1,1.050518568082971
8/17/2017,6:0,533,6102,717,0,12.022514071294559,8,1,1.0501474926253687
8/17/2017,7:0,534,6198,733,0,12.192883895131086,8,1,1.0505001613423686
8/17/2017,7:59,534,6305,746,0,12.397003745318353,8,1,1.0499603489294211
8/17/2017,8:0,534,6305,746,0,12.397003745318353,8,1,1.0499603489294211
8/17/2017,9:0,534,6401,762,0,12.582397003745319,8,1,1.0496797375410092
8/17/2017,10:0,534,6488,777,0,12.750936329588015,8,1,1.0494759556103577
8/17/2017,11:0,534,6578,785,0,12.923220973782772,8,1,1.0491030708422013
8/17/2017,12:0,535,6646,797,0,13.02803738317757,8,1,1.0487511284983448
8/17/2017,13:0,535,6735,808,0,13.19626168224299,8,1,1.0482553823311063
8/17/2017,14:0,535,6827,827,0,13.37570093457944,8,1,1.0481910062985207
8/17/2017,15:0,536,6900,837,0,13.486940298507463,8,1,1.04768115942029
8/17/2017,16:0,537,6973,842,0,13.597765363128492,8,1,1.0471819876667146
8/17/2017,17:0,537,7042,850,0,13.735567970204842,8,1,1.047429707469469
8/17/2017,18:0,537,7089,851,0,13.8268156424581,8,1,1.0473973762166737
8/17/2017,19:0,537,7154,854,0,13.95344506517691,8,1,1.0473860777187587
8/17/2017,20:0,537,7206,854,0,14.052141527001861,8,1,1.0471829031362754
8/17/2017,21:0,537,7250,860,0,14.141527001862197,8,1,1.047448275862069
8/17/2017,22:0,537,7306,871,0,14.245810055865922,8,1,1.047084588009855
8/17/2017,23:0,537,7340,876,0,14.314711359404097,8,1,1.047275204359673
8/18/2017,0:0,539,7408,883,0,14.397031539888683,8,1,1.0475161987041037
8/18/2017,0:17,539,2750,349,0,5.348794063079778,8,1,1.0483636363636364
8/18/2017,1:0,540,3509,393,0,6.837037037037037,8,1,1.0521516101453405
8/18/2017,2:0,540,4034,436,0,7.861111111111111,8,1,1.0523054040654438
8/18/2017,3:0,541,4397,490,0,8.55637707948244,8,1,1.052763247668865
8/18/2017,4:0,541,4622,519,0,8.98890942698706,8,1,1.052141929900476
8/18/2017,5:0,540,4880,559,0,9.512962962962963,8,1,1.0526639344262294
8/18/2017,6:0,540,5082,585,0,9.89074074074074,8,1,1.0509641873278237
8/18/2017,7:0,540,5291,621,0,10.296296296296296,8,1,1.0508410508410508
8/18/2017,8:0,539,5463,645,0,10.647495361781075,8,1,1.0505216913783635
8/18/2017,8:59,539,5657,668,0,11.027829313543599,8,1,1.050733604383949
8/18/2017,9:0,539,5657,668,0,11.027829313543599,8,1,1.050733604383949
8/18/2017,9:20,539,1641,225,0,3.1669758812615956,5,1,1.040219378427788
8/18/2017,10:0,539,2177,278,0,4.200371057513915,8,1,1.0399632521819018
8/18/2017,11:0,539,2742,330,0,5.300556586270872,8,1,1.0419401896425966
8/18/2017,12:0,539,3279,387,0,6.359925788497217,8,1,1.0454406831351022
8/18/2017,13:0,539,3751,444,0,7.282003710575139,8,1,1.0463876299653425
8/18/2017,14:0,539,4154,487,0,8.077922077922079,8,1,1.0481463649494462
8/18/2017,15:0,538,4562,529,0,8.87732342007435,8,1,1.046909250328803
8/18/2017,16:0,538,4964,570,0,9.654275092936803,8,1,1.0463336019339242
8/18/2017,17:0,538,5315,611,0,10.33085501858736,8,1,1.045719661335842
8/18/2017,18:0,538,5599,640,0,10.890334572490707,8,1,1.0464368637256654
8/18/2017,19:0,538,5843,668,0,11.37360594795539,8,1,1.0472360088995378
8/18/2017,20:0,537,6044,686,0,11.780260707635009,8,1,1.0466578424884183
8/18/2017,21:0,537,6252,715,0,12.184357541899441,8,1,1.0465451055662187
8/18/2017,22:0,536,6414,735,0,12.51679104477612,8,1,1.0459931400062363
8/18/2017,23:0,536,6581,755,0,12.83955223880597,8,1,1.0457377298282935
8/19/2017,0:0,536,6700,773,0,13.076492537313433,8,1,1.0461194029850747
8/19/2017,1:0,537,6795,784,0,13.236499068901303,8,1,1.0460632818248712
8/19/2017,2:0,538,6902,799,0,13.4182156133829,8,1,1.0459287163141118
8/19/2017,3:0,538,6980,811,0,13.568773234200744,8,1,1.0458452722063036
8/19/2017,4:0,538,7058,825,0,13.721189591078067,8,1,1.0459053556248228
8/19/2017,5:0,537,7112,843,0,13.849162011173185,8,1,1.0456974128233971
8/19/2017,6:0,538,7176,846,0,13.946096654275093,8,1,1.0455685618729098
8/19/2017,7:0,538,7210,850,0,14.00557620817844,8,1,1.0450762829403606
8/19/2017,8:0,538,7240,864,0,14.061338289962825,8,1,1.044889502762431
8/19/2017,9:0,538,7265,870,0,14.113382899628252,8,1,1.0451479697178252
8/19/2017,10:0,537,7274,872,0,14.15828677839851,8,1,1.045229584822656
8/19/2017,11:0,538,7291,874,0,14.16542750929368,8,1,1.0452612810314086
8/19/2017,12:0,540,7333,881,0,14.196296296296296,8,1,1.0454111550525025
8/19/2017,13:0,539,7358,884,0,14.272727272727273,8,1,1.0455286762707257
8/19/2017,14:0,539,7400,892,0,14.346938775510203,8,1,1.045
8/19/2017,15:0,540,7444,894,0,14.403703703703703,8,1,1.0448683503492746
8/19/2017,16:0,540,7489,901,0,14.492592592592592,8,1,1.0449993323541193
8/19/2017,17:0,540,7532,910,0,14.577777777777778,8,1,1.0451407328730749
8/19/2017,18:0,540,7580,916,0,14.672222222222222,8,1,1.0452506596306068
8/19/2017,19:0,540,7623,923,0,14.751851851851852,8,1,1.0449954086317723
8/19/2017,20:0,540,7656,927,0,14.816666666666666,8,1,1.0450626959247649
8/19/2017,21:0,541,7705,932,0,14.87985212569316,8,1,1.044776119402985
8/19/2017,22:0,542,7757,945,0,14.950184501845019,8,1,1.0446048730179194
8/19/2017,23:0,542,3021,384,0,5.832103321033211,8,1,1.0463422707712677
8/20/2017,0:0,542,3978,453,0,7.677121771217712,8,1,1.046003016591252
8/20/2017,0:13,542,2821,360,0,5.46309963099631,8,1,1.0496277915632755
8/20/2017,1:0,543,3660,422,0,7.0902394106813995,8,1,1.0519125683060109
8/20/2017,2:0,545,4183,457,0,8.06605504587156,8,1,1.0509203920631125
8/20/2017,3:0,545,4541,505,0,8.755963302752294,8,1,1.0508698524554063
8/20/2017,4:0,545,4794,538,0,9.242201834862385,8,1,1.0506883604505632
8/20/2017,5:0,547,5035,560,0,9.6672760511883,8,1,1.0502482621648461
8/20/2017,5:59,547,5218,583,0,10.018281535648995,8,1,1.0502108087389805
8/20/2017,6:0,547,5218,583,0,10.018281535648995,8,1,1.0502108087389805
8/20/2017,7:0,547,5408,610,0,10.378427787934186,8,1,1.049741124260355
8/20/2017,8:0,548,5620,628,0,10.755474452554745,8,1,1.0487544483985765
8/20/2017,9:0,547,5844,657,0,11.20292504570384,8,1,1.0485968514715949
8/20/2017,10:0,547,6025,682,0,11.539305301645339,8,1,1.0476348547717842
8/20/2017,11:0,550,6193,706,0,11.803636363636363,8,1,1.0482803164863557
8/20/2017,12:0,549,6334,724,0,12.080145719489982,8,1,1.047047679191664
8/20/2017,13:0,549,6462,742,0,12.324225865209472,8,1,1.047044258743423
8/20/2017,14:0,550,6570,751,0,12.505454545454546,8,1,1.0468797564687975
8/20/2017,15:0,549,6679,770,0,12.73224043715847,8,1,1.0465638568648001
8/20/2017,16:0,548,6780,781,0,12.947080291970803,8,1,1.0464601769911503
8/20/2017,17:0,548,6898,791,0,13.173357664233576,8,1,1.0465352276022035
8/20/2017,18:0,550,7005,802,0,13.325454545454546,8,1,1.0462526766595288
8/20/2017,19:0,550,7087,810,0,13.476363636363637,8,1,1.0458586143643291
8/20/2017,20:0,551,7169,819,0,13.60798548094374,8,1,1.045892035151346
8/20/2017,21:0,552,7252,837,0,13.740942028985508,8,1,1.0459183673469388
8/20/2017,22:0,554,7334,842,0,13.844765342960288,8,1,1.0458140169075538
8/20/2017,23:0,555,7412,850,0,13.96036036036036,8,1,1.04533189422558
8/21/2017,0:5,556,2876,361,0,5.39748201438849,8,1,1.0434631432545203
8/21/2017,1:0,557,3785,414,0,7.118491921005386,8,1,1.0475561426684281
8/21/2017,2:0,558,4253,461,0,8,8,1,1.0496120385610157
8/21/2017,3:0,559,4570,507,0,8.581395348837209,8,1,1.049671772428884
8/21/2017,4:0,559,4829,534,0,9.071556350626118,8,1,1.0501138952164009
8/21/2017,5:0,559,5028,564,0,9.434704830053667,8,1,1.0489260143198091
8/21/2017,6:0,559,5235,590,0,9.8175313059034,8,1,1.0483285577841452
8/21/2017,7:0,558,5363,622,0,10.080645161290322,8,1,1.0488532537758717
8/21/2017,8:0,558,5574,650,0,10.476702508960573,8,1,1.0487979906709723
8/21/2017,9:0,559,5767,674,0,10.813953488372093,8,1,1.0482053060516734
8/21/2017,10:0,559,5951,698,0,11.152057245080501,8,1,1.047555032767602
8/21/2017,11:0,559,6128,719,0,11.477638640429339,8,1,1.0469973890339426
8/21/2017,12:0,559,6295,738,0,11.783542039355993,8,1,1.0463860206513105
8/21/2017,13:0,559,6437,755,0,12.04830053667263,8,1,1.046294857853037
8/21/2017,14:0,559,6573,782,0,12.304114490161002,8,1,1.0464019473604138
8/21/2017,14:59,559,6683,798,0,12.509838998211091,8,1,1.0463863534340865
8/21/2017,15:0,559,6683,798,0,12.509838998211091,8,1,1.0463863534340865
8/21/2017,16:0,560,6801,810,0,12.70357142857143,8,1,1.0460226437288633
8/21/2017,17:0,560,6884,814,0,12.85892857142857,8,1,1.0460488088320743
8/21/2017,18:0,562,6956,819,0,12.948398576512455,8,1,1.046147211040828
8/21/2017,19:0,561,7038,833,0,13.124777183600713,8,1,1.0461778914464337
8/21/2017,20:0,561,7126,846,0,13.283422459893048,8,1,1.045747965197867
8/21/2017,21:0,562,7222,857,0,13.44306049822064,8,1,1.0461091110495708
8/21/2017,22:0,563,7303,867,0,13.571936056838366,8,1,1.0462823497192935
8/21/2017,23:0,564,3390,421,0,6.292553191489362,8,1,1.0469026548672566
8/21/2017,23:18,564,2877,386,0,5.336879432624113,8,1,1.0462287104622872
8/22/2017,0:0,563,3619,422,0,6.746003552397869,8,1,1.0494611771207516
8/22/2017,1:0,563,4142,455,0,7.746003552397869,8,1,1.0528730082085949
8/22/2017,1:58,564,2588,340,0,4.7695035460992905,7,1,1.0394126738794436
8/22/2017,2:0,564,2636,340,0,4.868794326241135,8,1,1.0417298937784523
8/22/2017,3:0,563,3426,382,0,6.397868561278863,7,1,1.051371862230006
8/22/2017,4:0,564,3798,433,0,7.081560283687943,7,1,1.0516061084781463
8/22/2017,4:12,564,2079,288,0,3.8209219858156027,7,1,1.0365560365560365
8/22/2017,5:0,564,2651,328,0,4.925531914893617,7,1,1.0479064503960769
8/22/2017,6:0,566,3024,366,0,5.591872791519434,7,1,1.0466269841269842
8/22/2017,7:0,567,3299,407,0,6.091710758377425,7,1,1.0469839345256138
8/22/2017,8:0,567,3614,452,0,6.657848324514991,7,1,1.0445489762036524
8/22/2017,9:0,567,3898,488,0,7.172839506172839,7,1,1.0433555669574142
8/22/2017,10:0,567,4246,526,0,7.821869488536155,7,1,1.0445124823363166
8/22/2017,11:0,569,4586,556,0,8.425307557117751,7,1,1.0453554295682512
8/22/2017,12:0,569,4918,594,0,9.038664323374341,7,1,1.0457503050020334
8/22/2017,13:0,569,5230,638,0,9.599297012302285,7,1,1.044359464627151
8/22/2017,14:0,571,5514,661,0,10.078809106830123,7,1,1.0437069278200943
8/22/2017,15:0,571,5740,700,0,10.492119089316988,7,1,1.0437282229965157
8/22/2017,16:0,573,5955,722,0,10.849912739965095,7,1,1.0439966414777497
8/22/2017,17:0,573,6128,737,0,11.158813263525305,7,1,1.0434073107049608
8/22/2017,18:0,573,6305,760,0,11.476439790575917,7,1,1.0429817605075338
8/22/2017,19:0,573,6428,773,0,11.69458987783595,7,1,1.0424704418170505
8/22/2017,20:0,573,6672,800,0,12.155322862129145,7,1,1.0439148681055155
8/22/2017,21:0,573,6864,810,0,12.525305410122163,7,1,1.0456002331002332
8/22/2017,22:0,573,7003,825,0,12.797556719022687,7,1,1.0471226617164073
8/22/2017,23:0,574,7120,836,0,12.989547038327526,7,1,1.047191011235955
8/23/2017,0:0,573,7257,854,0,13.265270506108202,7,1,1.0474025079233844
8/23/2017,1:0,575,7370,865,0,13.429565217391305,7,1,1.0477611940298508
8/23/2017,2:0,575,7443,876,0,13.561739130434782,7,1,1.0476958215773209
8/23/2017,3:0,574,7509,884,0,13.703832752613241,7,1,1.0475429484618457
8/23/2017,4:0,576,7564,896,0,13.758680555555555,7,1,1.0477260708619778
8/23/2017,5:0,576,7609,907,0,13.836805555555555,7,1,1.047443816533053
8/23/2017,6:0,577,7633,913,0,13.854419410745233,7,1,1.0472946416874098
8/23/2017,7:0,580,7644,917,0,13.801724137931034,7,1,1.0472265829408687
8/23/2017,8:0,580,7668,924,0,13.843103448275862,7,1,1.047078768909755
8/23/2017,9:0,580,7693,924,0,13.886206896551725,7,1,1.0469257766800988
8/23/2017,10:0,580,7718,926,0,13.931034482758621,7,1,1.0469033428349312
8/23/2017,11:0,580,7737,931,0,13.963793103448277,7,1,1.0467881607858343
8/23/2017,12:0,581,7764,936,0,13.993115318416523,7,1,1.0471406491499227
8/23/2017,13:0,582,7800,939,0,14.029209621993127,7,1,1.0467948717948719
8/23/2017,14:0,581,7829,942,0,14.104991394148021,7,1,1.0467492655511559
8/23/2017,15:0,581,7860,951,0,14.160068846815834,7,1,1.0466921119592876
8/23/2017,16:0,581,7892,956,0,14.220309810671257,7,1,1.0468829194120628
8/23/2017,17:0,582,7930,963,0,14.269759450171822,7,1,1.0472887767969734
8/23/2017,18:0,582,7967,968,0,14.336769759450172,7,1,1.0473201958077067
8/23/2017,19:0,582,8005,972,0,14.402061855670103,7,1,1.047095565271705
8/23/2017,20:0,583,8043,978,0,14.447684391080617,7,1,1.0472460524679845
8/23/2017,21:0,583,8103,991,0,14.5557461406518,7,1,1.0472664445267186
8/23/2017,22:0,582,8139,993,0,14.647766323024054,7,1,1.0474259737068436
8/23/2017,23:0,581,8177,998,0,14.74526678141136,7,1,1.0476947535771066
8/23/2017,23:59,583,8225,998,0,14.780445969125214,7,1,1.047659574468085
8/24/2017,0:0,583,8225,998,0,14.780445969125214,7,1,1.047659574468085
8/24/2017,1:0,583,8252,999,0,14.826758147512864,7,1,1.0475036354823073
8/24/2017,2:0,586,8306,1003,0,14.84470989761092,7,1,1.0473151938357814
8/24/2017,3:0,586,8340,1011,0,14.911262798634812,7,1,1.0477218225419664
8/24/2017,4:0,586,8363,1012,0,14.95221843003413,7,1,1.0477101518593805
8/24/2017,5:0,586,8385,1017,0,14.98976109215017,7,1,1.0475849731663684
8/24/2017,6:0,586,8400,1021,0,15.015358361774744,7,1,1.0475
8/24/2017,7:0,587,8412,1024,0,15.015332197614992,7,1,1.0477888730385163
8/24/2017,8:0,588,8424,1030,0,15.010204081632653,7,1,1.0477207977207976
8/24/2017,9:0,588,8441,1032,0,15.04421768707483,7,1,1.047980097144888
8/24/2017,10:0,588,8453,1031,0,15.062925170068027,7,1,1.0477936827161953
8/24/2017,11:0,588,8462,1032,0,15.079931972789115,7,1,1.0478610257622312
8/24/2017,12:0,589,8490,1038,0,15.101867572156197,7,1,1.047703180212014
8/24/2017,13:0,588,8506,1043,0,15.158163265306122,7,1,1.0478485774747237
8/24/2017,14:0,590,8560,1046,0,15.205084745762711,7,1,1.0480140186915887
8/24/2017,15:0,590,8579,1048,0,15.240677966101694,7,1,1.0481408089520923
8/24/2017,16:0,591,8603,1053,0,15.255499153976311,7,1,1.048006509357201
8/24/2017,17:0,591,8624,1056,0,15.29103214890017,7,1,1.0478896103896105
8/24/2017,18:0,591,8646,1056,0,15.333333333333334,7,1,1.0481147351376359
8/24/2017,19:0,593,8682,1065,0,15.345699831365936,7,1,1.0481455885740614
8/24/2017,20:0,593,8710,1071,0,15.396290050590219,7,1,1.0482204362801377
8/24/2017,21:0,593,8747,1079,0,15.45868465430017,7,1,1.0480164627872413
8/24/2017,22:0,592,8758,1085,0,15.505067567567568,7,1,1.0480703356930805
8/24/2017,23:0,593,8788,1089,0,15.532883642495785,7,1,1.048133818843878
8/25/2017,0:0,595,8859,1098,0,15.605042016806722,7,1,1.0480866915001694
8/25/2017,1:0,595,8890,1104,0,15.665546218487394,7,1,1.0484814398200224
8/25/2017,2:0,595,8925,1110,0,15.721008403361344,7,1,1.0480672268907563
8/25/2017,2:59,595,8946,1112,0,15.757983193277312,7,1,1.0480661748267381
8/25/2017,3:0,595,8946,1112,0,15.757983193277312,7,1,1.0480661748267381
8/25/2017,4:0,596,8998,1119,0,15.820469798657719,7,1,1.0478995332296066
8/25/2017,5:0,597,9015,1119,0,15.822445561139029,7,1,1.0478092068774265
8/25/2017,6:0,597,9032,1124,0,15.85427135678392,7,1,1.0479406554472985
8/25/2017,7:0,596,9035,1123,0,15.88758389261745,7,1,1.0480354178195905
8/25/2017,8:0,596,9048,1132,0,15.909395973154362,7,1,1.0479664014146772
8/25/2017,9:0,596,9059,1139,0,15.927852348993289,7,1,1.047908157633293
8/25/2017,10:0,596,9062,1139,0,15.93288590604027,7,1,1.0478922975060694
8/25/2017,11:0,596,9075,1143,0,15.956375838926174,7,1,1.0479338842975208
8/25/2017,12:0,598,9102,1145,0,15.949832775919733,7,1,1.0479015600966821
8/25/2017,13:0,599,9118,1150,0,15.956594323873121,7,1,1.0482561965343278
8/25/2017,14:0,599,9131,1152,0,15.981636060100167,7,1,1.0484065272149818
8/25/2017,15:0,600,9149,1153,0,15.988333333333333,7,1,1.0485298939774839
8/25/2017,16:0,600,9174,1156,0,16.031666666666666,7,1,1.0485066492260737
8/25/2017,17:0,601,9204,1162,0,16.058236272878535,7,1,1.0485658409387224
8/25/2017,18:0,602,9224,1167,0,16.064784053156146,7,1,1.048460537727667
8/25/2017,19:0,603,9254,1166,0,16.091210613598673,7,1,1.0485195591095742
8/25/2017,20:0,603,9287,1170,0,16.144278606965173,7,1,1.0482394745342953
8/25/2017,21:0,603,9310,1173,0,16.18407960199005,7,1,1.0482277121374866
8/25/2017,22:0,604,9350,1174,0,16.230132450331126,7,1,1.0484491978609625
8/25/2017,23:0,604,9381,1175,0,16.28476821192053,7,1,1.0485022918665388
8/26/2017,0:0,604,9402,1174,0,16.31953642384106,7,1,1.0483939587321847
8/26/2017,1:0,604,9420,1177,0,16.3476821192053,7,1,1.048195329087049
8/26/2017,2:0,604,9433,1179,0,16.367549668874172,7,1,1.0480228983356303
8/26/2017,3:0,604,9449,1181,0,16.39569536423841,7,1,1.048047412424595
8/26/2017,3:16,604,2848,345,0,4.950331125827814,7,1,1.0498595505617978
8/26/2017,4:0,604,3567,386,0,6.218543046357616,7,1,1.0529857022708158
8/26/2017,5:0,605,4030,436,0,7.011570247933884,7,1,1.052605459057072
8/26/2017,6:0,605,4364,475,0,7.585123966942149,7,1,1.051558203483043
8/26/2017,7:0,605,4661,514,0,8.092561983471075,7,1,1.0504183651576915
8/26/2017,8:0,605,4956,555,0,8.598347107438016,7,1,1.049636803874092
8/26/2017,9:0,605,5264,594,0,9.130578512396694,7,1,1.0493920972644377
8/26/2017,10:0,605,5563,624,0,9.651239669421487,7,1,1.0496135178860326
8/26/2017,11:0,604,5818,636,0,10.092715231788079,7,1,1.0477827432107254
8/26/2017,12:0,604,6100,660,0,10.592715231788079,7,1,1.0488524590163935
8/26/2017,13:0,604,6365,691,0,11.061258278145695,7,1,1.0496465043205028
8/26/2017,14:0,604,6592,711,0,11.451986754966887,7,1,1.0493021844660195
8/26/2017,15:0,604,6824,738,0,11.852649006622517,7,1,1.0490914419695194
8/26/2017,16:0,604,7019,766,0,12.205298013245033,7,1,1.0502920643966378
8/26/2017,17:0,605,7200,790,0,12.49090909090909,7,1,1.0495833333333333
8/26/2017,18:0,604,7359,809,0,12.788079470198676,7,1,1.049599130316619
8/26/2017,19:0,604,7466,833,0,12.968543046357615,7,1,1.0491561746584517
8/26/2017,20:0,605,7589,850,0,13.160330578512397,7,1,1.0491500856502833
8/26/2017,21:0,604,7706,864,0,13.382450331125828,7,1,1.0489229172073709
8/26/2017,22:0,603,7787,878,0,13.54726368159204,7,1,1.0490561191729806
8/26/2017,23:0,603,7875,890,0,13.703150912106135,7,1,1.0492698412698414
8/27/2017,0:0,604,7978,904,0,13.870860927152318,7,1,1.0501378791677112
8/27/2017,1:0,604,8049,912,0,13.995033112582782,7,1,1.050192570505653
8/27/2017,2:0,604,8111,920,0,14.102649006622517,7,1,1.0501787695721858
8/27/2017,2:44,604,3004,344,0,5.233443708609271,7,1,1.0522636484687085
8/27/2017,3:0,604,3353,365,0,5.8427152317880795,7,1,1.0524903071875933
8/27/2017,4:0,603,4046,414,0,7.064676616915423,7,1,1.0528917449332673
8/27/2017,5:0,604,4432,453,0,7.718543046357616,7,1,1.0518953068592058
8/27/2017,6:0,604,4733,503,0,8.246688741721854,7,1,1.052398056201141
8/27/2017,7:0,603,4972,531,0,8.67330016583748,7,1,1.0518905872888173
8/27/2017,8:0,604,5277,568,0,9.187086092715232,7,1,1.0515444381277241
8/27/2017,9:0,604,5599,604,0,9.7317880794702,7,1,1.0498303268440794
8/27/2017,10:0,604,5904,634,0,10.263245033112582,7,1,1.0499661246612466
8/27/2017,10:14,604,2049,263,0,3.486754966887417,7,1,1.027818448023426
8/27/2017,11:0,604,2673,330,0,4.577814569536423,7,1,1.034418256640479
8/27/2017,12:0,604,3200,374,0,5.478476821192053,7,1,1.0340625
8/27/2017,13:0,604,3675,408,0,6.314569536423841,7,1,1.0378231292517006
8/27/2017,14:0,604,4237,460,0,7.299668874172186,7,1,1.0405947604437102
8/27/2017,15:0,604,4808,514,0,8.327814569536423,7,1,1.0461730449251248
8/27/2017,16:0,604,5411,571,0,9.392384105960264,7,1,1.0484198854185918
8/27/2017,17:0,603,5920,625,0,10.316749585406301,7,1,1.0508445945945946
8/27/2017,18:0,603,6341,675,0,11.059701492537313,7,1,1.0517268569626241
8/27/2017,19:0,603,6673,708,0,11.651741293532337,7,1,1.0528997452420201
8/27/2017,20:0,605,6931,741,0,12.052892561983471,7,1,1.0520848362429664
8/27/2017,21:0,604,7128,761,0,12.405629139072847,7,1,1.0512065095398428
8/27/2017,22:0,604,7303,785,0,12.72019867549669,7,1,1.0520334109270162
8/27/2017,23:0,604,7477,809,0,13.024834437086092,7,1,1.0521599572020863
8/28/2017,0:0,607,7672,824,0,13.28830313014827,7,1,1.0513555787278415
8/28/2017,1:0,606,7814,841,0,13.554455445544555,7,1,1.0511901714870744
8/28/2017,2:0,606,7952,854,0,13.792079207920793,7,1,1.051056338028169
8/28/2017,3:0,607,8038,867,0,13.917627677100494,7,1,1.0510077133615328
8/28/2017,4:0,606,8112,886,0,14.067656765676567,7,1,1.0509122287968442
8/28/2017,5:0,606,8172,898,0,14.166666666666666,7,1,1.0505384238864415
8/28/2017,6:0,606,8205,901,0,14.21947194719472,7,1,1.0502132845825716
8/28/2017,7:0,606,8232,909,0,14.264026402640264,7,1,1.0500485908649173
8/28/2017,8:0,606,8272,914,0,14.336633663366337,7,1,1.0502901353965184
8/28/2017,9:0,606,8298,916,0,14.37953795379538,7,1,1.0501325620631476
8/28/2017,10:0,607,8341,920,0,14.42833607907743,7,1,1.0499940055149262
8/28/2017,11:0,607,8376,924,0,14.487644151565075,7,1,1.0499044890162368
8/28/2017,12:0,608,8413,927,0,14.524671052631579,7,1,1.049685011292048
8/28/2017,12:53,609,2251,303,0,3.8013136288998357,3,1,1.0284318080852954
8/28/2017,13:0,609,2490,325,0,4.231527093596059,7,1,1.0349397590361447
8/28/2017,14:0,609,3441,404,0,5.896551724137931,7,1,1.04359197907585
8/28/2017,15:0,609,4133,442,0,7.101806239737274,7,1,1.0464553593031696
8/28/2017,16:0,610,4707,507,0,8.095081967213115,7,1,1.0490758444869344
8/28/2017,17:0,609,5173,553,0,8.912972085385878,7,1,1.049294413299826
8/28/2017,18:0,610,5628,601,0,9.678688524590164,7,1,1.049040511727079
8/28/2017,19:0,609,6001,638,0,10.338259441707718,7,1,1.0491584735877353
8/28/2017,20:0,609,6381,663,0,10.990147783251231,7,1,1.0488951574988246
8/28/2017,21:0,609,6752,701,0,11.642036124794746,7,1,1.0500592417061612
8/28/2017,22:0,610,7056,731,0,12.144262295081967,7,1,1.0498866213151927
8/28/2017,23:0,611,7348,772,0,12.615384615384615,7,1,1.0489929232444202
8/29/2017,0:0,612,7535,797,0,12.919934640522875,7,1,1.049369608493696
8/29/2017,1:0,611,7706,821,0,13.225859247135842,7,1,1.0486633791850506
8/29/2017,2:0,612,7847,841,0,13.447712418300654,7,1,1.0488084618325475
8/29/2017,3:0,612,7958,853,0,13.637254901960784,7,1,1.048755968836391
8/29/2017,4:0,612,8040,872,0,13.779411764705882,7,1,1.0488805970149253
8/29/2017,5:0,613,8107,888,0,13.876019575856443,7,1,1.0492167262859258
8/29/2017,6:0,614,8162,902,0,13.94299674267101,7,1,1.048885077186964
8/29/2017,7:0,615,8206,908,0,13.991869918699187,7,1,1.0486229588106264
8/29/2017,8:0,615,8246,920,0,14.058536585365854,7,1,1.048508367693427
8/29/2017,9:0,616,8289,923,0,14.116883116883116,7,1,1.049101218482326
8/29/2017,10:0,616,8343,930,0,14.207792207792208,7,1,1.049023133165528
8/29/2017,11:0,615,8374,931,0,14.282926829268293,7,1,1.0489610699785048
8/29/2017,12:0,615,8405,934,0,14.339837398373984,7,1,1.0492563950029745
8/29/2017,13:0,615,8442,939,0,14.403252032520324,7,1,1.0492774224117507
8/29/2017,14:0,615,8486,949,0,14.482926829268292,7,1,1.0496111242045723
8/29/2017,14:59,617,8525,956,0,14.500810372771475,7,1,1.0495014662756599
8/29/2017,15:0,617,8525,956,0,14.500810372771475,7,1,1.0495014662756599
8/29/2017,16:0,617,8580,959,0,14.598055105348461,7,1,1.0497668997668999
8/29/2017,17:0,617,8621,962,0,14.675850891410049,7,1,1.0503421876812435
8/29/2017,18:0,617,8654,965,0,14.724473257698541,7,1,1.0498035590478392
8/29/2017,19:0,617,8692,972,0,14.794165316045381,7,1,1.0501610676484123
8/29/2017,20:0,617,8731,988,0,14.85899513776337,7,1,1.0500515404879167
8/29/2017,21:0,615,8752,991,0,14.949593495934959,7,1,1.0505027422303475
8/29/2017,22:0,616,8802,995,0,15.008116883116884,7,1,1.0503294705748694
8/29/2017,23:0,616,4469,472,0,7.662337662337662,7,1,1.0561646900872679
8/30/2017,0:0,617,5144,504,0,8.811993517017829,7,1,1.056959564541213
8/30/2017,1:0,617,5579,539,0,9.53808752025932,7,1,1.0548485391647249
8/30/2017,2:0,618,5897,575,0,10.06148867313916,7,1,1.0544344581990843
8/30/2017,3:0,617,6117,614,0,10.448946515397083,7,1,1.0539480137322217
8/30/2017,4:0,617,6297,638,0,10.763371150729336,7,1,1.0546291885024615
8/30/2017,4:11,617,2342,277,0,3.988654781199352,7,1,1.0508112724167378
8/30/2017,5:0,617,3001,327,0,5.113452188006483,7,1,1.0513162279240253
8/30/2017,6:0,617,3421,364,0,5.826580226904376,7,1,1.050862320958784
8/30/2017,7:0,617,3772,412,0,6.426256077795786,7,1,1.0511664899257689
8/30/2017,8:0,617,4063,449,0,6.9124797406807135,7,1,1.0497169579128722
8/30/2017,9:0,617,4412,493,0,7.513776337115073,7,1,1.0507706255666365
8/30/2017,10:0,617,4822,530,0,8.209076175040519,7,1,1.0503940273745334
8/30/2017,11:0,618,5219,569,0,8.883495145631068,7,1,1.0519256562559878
8/30/2017,12:0,619,5627,628,0,9.563812600969305,7,1,1.0520703749777858
8/30/2017,13:0,619,5997,684,0,10.193861066235865,7,1,1.0521927630481909
8/30/2017,14:0,619,6314,719,0,10.735056542810986,7,1,1.052423186569528
8/30/2017,15:0,619,6570,746,0,11.18578352180937,7,1,1.0538812785388127
8/30/2017,16:0,619,6801,774,0,11.573505654281098,7,1,1.0533745037494486
8/30/2017,17:0,619,7006,800,0,11.925686591276252,7,1,1.0536682843277192
8/30/2017,18:0,619,7188,823,0,12.24071082390953,7,1,1.0541179744017808
8/30/2017,19:0,620,7348,834,0,12.485483870967743,7,1,1.0534839412084922
8/30/2017,20:0,621,7559,853,0,12.816425120772946,7,1,1.0529170525201745
8/30/2017,21:0,621,7720,867,0,13.07890499194847,7,1,1.0520725388601035
8/30/2017,22:0,621,7875,884,0,13.333333333333334,7,1,1.0514285714285714
8/30/2017,23:0,620,8034,902,0,13.633870967741936,7,1,1.052153348269853
8/31/2017,0:0,621,8150,922,0,13.805152979066023,7,1,1.0519018404907976
8/31/2017,1:0,623,8263,936,0,13.95024077046549,7,1,1.0517971680987535
8/31/2017,2:0,626,8359,942,0,14.047923322683706,7,1,1.0520397176695777
8/31/2017,3:0,626,8431,947,0,14.169329073482428,7,1,1.0520697426165342
8/31/2017,4:0,626,8484,957,0,14.255591054313099,7,1,1.051862329090052
8/31/2017,5:0,626,8511,966,0,14.300319488817891,7,1,1.0518152978498414
8/31/2017,6:0,626,8524,968,0,14.321086261980831,7,1,1.051736274049742
8/31/2017,7:0,626,8548,970,0,14.359424920127795,7,1,1.0515910154422088
8/31/2017,7:59,626,8566,972,0,14.388178913738018,7,1,1.051482605650245
8/31/2017,8:0,626,8566,972,0,14.388178913738018,7,1,1.051482605650245
8/31/2017,9:0,625,8566,976,0,14.4144,7,1,1.0517160868550082
8/31/2017,10:0,626,8598,983,0,14.442492012779553,7,1,1.0515236101418934
8/31/2017,11:0,626,8633,983,0,14.5,7,1,1.0514305571643692
8/31/2017,12:0,626,8657,983,0,14.538338658146964,7,1,1.0512879750490933
8/31/2017,13:0,626,8690,985,0,14.592651757188499,7,1,1.0512082853855005
8/31/2017,14:0,627,8727,988,0,14.629984051036683,7,1,1.0511057637217829
8/31/2017,15:0,627,8766,996,0,14.698564593301436,7,1,1.051334702258727
8/31/2017,16:0,627,8798,999,0,14.752791068580542,7,1,1.0513753125710388
8/31/2017,17:0,625,8820,1003,0,14.8384,7,1,1.0514739229024943
8/31/2017,18:0,625,3855,456,0,6.5024,7,1,1.0542153047989624
8/31/2017,19:0,626,4621,515,0,7.773162939297125,7,1,1.0530188270937026
8/31/2017,20:0,626,5241,561,0,8.821086261980831,7,1,1.0536157221904217
8/31/2017,21:0,626,5753,598,0,9.68370607028754,7,1,1.0537111072483922
8/31/2017,22:0,628,6215,641,0,10.469745222929935,7,1,1.0579243765084474
8/31/2017,23:0,627,4407,455,0,7.460925039872408,7,1,1.0614930791921942
9/1/2017,0:0,626,5013,496,0,8.482428115015974,7,1,1.059245960502693
9/1/2017,1:0,627,5480,537,0,9.26634768740032,7,1,1.0602189781021898
9/1/2017,2:0,627,5811,574,0,9.821371610845295,7,1,1.05971433488212
9/1/2017,2:9,627,2949,319,0,4.94896331738437,5,1,1.052221091895558
9/1/2017,3:0,628,3838,377,0,6.445859872611465,7,1,1.0547159979155811
9/1/2017,4:0,627,4298,421,0,7.232854864433812,7,1,1.0551419264774313
9/1/2017,5:0,627,4631,475,0,7.78628389154705,7,1,1.0541999568127833
9/1/2017,6:0,628,4947,515,0,8.312101910828025,7,1,1.055184960582171
9/1/2017,7:0,629,5249,562,0,8.791732909379968,7,1,1.0535340064774243
9/1/2017,8:0,629,5504,600,0,9.222575516693164,7,1,1.0539607558139534
9/1/2017,9:0,629,5785,617,0,9.693163751987282,7,1,1.053932584269663
9/1/2017,10:0,629,6083,647,0,10.17329093799682,7,1,1.051948051948052
9/1/2017,11:0,628,6387,681,0,10.69108280254777,7,1,1.0511977454203851
9/1/2017,12:0,628,6690,707,0,11.195859872611464,7,1,1.0509715994020927
9/1/2017,13:0,629,6917,734,0,11.564387917329094,7,1,1.0516119705074454
9/1/2017,14:0,629,7110,752,0,11.880763116057233,7,1,1.051054852320675
9/1/2017,15:0,629,7271,765,0,12.147853736089031,7,1,1.0508870856828496
9/1/2017,16:0,629,7437,796,0,12.427662957074721,7,1,1.0510958719913943
9/1/2017,17:0,629,7593,810,0,12.686804451510334,7,1,1.050967996839194
9/1/2017,18:0,629,7734,826,0,12.917329093799681,7,1,1.0505559865528833
9/1/2017,19:0,629,7887,849,0,13.166931637519873,7,1,1.0500824140991505
9/1/2017,20:0,628,8002,866,0,13.382165605095542,7,1,1.05023744063984
9/1/2017,21:0,627,8136,880,0,13.629984051036683,7,1,1.05039331366765
9/1/2017,21:15,627,3433,406,0,5.755980861244019,7,1,1.051267113311972
9/1/2017,22:0,627,4506,471,0,7.566188197767145,7,1,1.0528184642698624
9/1/2017,23:0,627,5238,516,0,8.80542264752791,7,1,1.0540282550591829
9/2/2017,0:0,629,5729,572,0,9.59141494435612,7,1,1.0530633618432537
9/2/2017,1:0,628,6141,617,0,10.321656050955413,7,1,1.055528415567497
9/2/2017,2:0,628,6445,654,0,10.8328025477707,7,1,1.0555469356089993
9/2/2017,3:0,630,6675,682,0,11.18095238095238,7,1,1.0552808988764044
9/2/2017,4:0,630,6892,709,0,11.544444444444444,7,1,1.0552814857806152
9/2/2017,5:0,630,7046,734,0,11.796825396825398,7,1,1.054782855520863
9/2/2017,6:0,630,7195,758,0,12.052380952380952,7,1,1.055316191799861
9/2/2017,7:0,630,7320,769,0,12.265079365079366,7,1,1.0556010928961748
9/2/2017,8:0,631,7459,787,0,12.472266244057053,7,1,1.0551012200026813
9/2/2017,9:0,631,7581,806,0,12.676703645007924,7,1,1.055137844611529
9/2/2017,10:0,631,7685,823,0,12.852614896988907,7,1,1.05530253741054
9/2/2017,11:0,631,7772,827,0,12.998415213946117,7,1,1.055326814204838
9/2/2017,12:0,632,7872,841,0,13.139240506329115,7,1,1.0548780487804879
9/2/2017,13:0,632,7959,851,0,13.287974683544304,7,1,1.0551576831260208
9/2/2017,14:0,631,8043,862,0,13.445324881141046,7,1,1.0548302872062663
9/2/2017,15:0,631,8154,876,0,13.624405705229794,7,1,1.0543291636006868
9/2/2017,16:0,631,8232,886,0,13.757527733755943,7,1,1.0545432458697765
9/2/2017,16:59,632,8226,895,0,13.731012658227849,7,1,1.0549477267201557
9/2/2017,17:0,632,8227,895,0,13.73259493670886,7,1,1.0549410477695393
9/2/2017,17:37,632,3390,413,0,5.662974683544304,7,1,1.0557522123893806
9/2/2017,18:0,633,4123,461,0,6.884676145339652,7,1,1.056997332039777
9/2/2017,19:0,633,4993,516,0,8.361769352290679,7,1,1.0600841177648708
9/2/2017,20:0,632,5604,557,0,9.409810126582279,7,1,1.0612062812276946
9/2/2017,21:0,633,6028,603,0,10.101105845181674,7,1,1.0607166556071665
9/2/2017,22:0,632,6318,648,0,10.596518987341772,7,1,1.0599873377651154
9/2/2017,23:0,632,6628,679,0,11.109177215189874,7,1,1.0592939046469523
9/3/2017,0:0,632,6900,713,0,11.550632911392405,7,1,1.0579710144927537
9/3/2017,1:0,633,7145,744,0,11.936808846761453,7,1,1.0575227431770469
9/3/2017,2:0,632,7343,770,0,12.283227848101266,7,1,1.0571973307912297
9/3/2017,3:0,633,7512,802,0,12.546603475513429,7,1,1.057241746538871
9/3/2017,4:0,634,7649,815,0,12.746056782334385,7,1,1.0564779709765983
9/3/2017,5:0,635,7760,825,0,12.910236220472441,7,1,1.0564432989690722
9/3/2017,6:0,635,7847,838,0,13.051968503937008,7,1,1.056199821587868
9/3/2017,7:0,635,7929,852,0,13.184251968503936,7,1,1.055870853827721
9/3/2017,8:0,635,7997,859,0,13.294488188976377,7,1,1.0556458672002
9/3/2017,9:0,635,8062,871,0,13.403149606299213,7,1,1.055693376333416
9/3/2017,10:0,637,8161,880,0,13.519623233908948,7,1,1.0552628354368336
9/3/2017,11:0,636,8223,888,0,13.638364779874214,7,1,1.0548461632007784
9/3/2017,12:0,636,8277,897,0,13.727987421383649,7,1,1.0548507913495229
9/3/2017,13:0,636,8331,907,0,13.812893081761006,7,1,1.0544952586724283
9/3/2017,14:0,638,8401,918,0,13.879310344827585,7,1,1.054041185573146
9/3/2017,15:0,638,8476,925,0,13.998432601880877,7,1,1.053680981595092
9/3/2017,16:0,638,8547,932,0,14.11128526645768,7,1,1.0533520533520533
9/3/2017,17:0,639,8621,935,0,14.21283255086072,7,1,1.0534740749333025
9/3/2017,18:0,639,8702,943,0,14.338028169014084,7,1,1.052861411169846
9/3/2017,19:0,639,8764,950,0,14.439749608763693,7,1,1.0528297581013235
9/3/2017,20:0,639,8832,960,0,14.550860719874805,7,1,1.0527626811594204
9/3/2017,21:0,638,8891,968,0,14.669278996865204,7,1,1.0526374985940838
9/3/2017,22:0,638,8891,968,0,14.669278996865204,7,1,1.0526374985940838
9/3/2017,23:0,638,8891,968,0,14.669278996865204,7,1,1.0526374985940838
9/4/2017,0:0,638,8891,968,0,14.669278996865204,7,1,1.0526374985940838
9/4/2017,1:0,638,8891,968,0,14.669278996865204,7,1,1.0526374985940838
9/4/2017,2:0,638,8891,968,0,14.669278996865204,7,1,1.0526374985940838
9/4/2017,3:0,638,8891,968,0,14.669278996865204,7,1,1.0526374985940838
9/4/2017,4:0,638,8891,968,0,14.669278996865204,7,1,1.0526374985940838
9/4/2017,5:0,638,8891,968,0,14.669278996865204,7,1,1.0526374985940838
9/4/2017,6:0,638,8891,968,0,14.669278996865204,7,1,1.0526374985940838
9/4/2017,6:7,634,2131,277,0,3.504731861198738,5,1,1.042702956358517
9/4/2017,7:0,635,2824,340,0,4.67244094488189,7,1,1.0506373937677054
9/4/2017,8:0,634,3287,381,0,5.436908517350158,7,1,1.0486766048068148
9/4/2017,9:0,634,3490,412,0,5.7760252365930596,7,1,1.0492836676217765
9/4/2017,10:0,634,2490,303,0,4.107255520504732,7,1,1.0457831325301206
9/4/2017,11:0,634,2555,307,0,4.203470031545741,7,1,1.0430528375733856
9/4/2017,12:0,634,3180,362,0,5.257097791798107,7,1,1.0481132075471697
9/4/2017,13:0,634,3788,416,0,6.266561514195583,7,1,1.0488384371700106
9/4/2017,14:0,634,4370,459,0,7.239747634069401,7,1,1.0503432494279177
9/4/2017,15:0,635,5024,529,0,8.305511811023623,7,1,1.0497611464968153
9/4/2017,16:0,634,5588,587,0,9.27602523659306,7,1,1.0524337866857552
9/4/2017,17:0,634,6139,641,0,10.18769716088328,7,1,1.0521257533800292
9/4/2017,18:0,635,6565,685,0,10.891338582677164,7,1,1.0534653465346535
9/4/2017,19:0,635,6923,717,0,11.503937007874017,7,1,1.0551783908710097
9/4/2017,20:0,635,7215,750,0,11.98267716535433,7,1,1.0546084546084546
9/4/2017,21:0,635,7446,767,0,12.355905511811024,7,1,1.05372011818426
9/4/2017,22:0,635,7693,790,0,12.75748031496063,7,1,1.0530352268295853
9/4/2017,22:59,635,7869,810,0,13.048818897637796,7,1,1.0529927563858177
9/4/2017,23:0,635,7869,810,0,13.048818897637796,7,1,1.0529927563858177
9/5/2017,0:0,637,8019,826,0,13.249607535321822,7,1,1.052500311759571
9/5/2017,1:0,637,8152,840,0,13.472527472527473,7,1,1.052747791952895
9/5/2017,2:0,639,8264,856,0,13.615023474178404,7,1,1.0527589545014522
9/5/2017,3:0,638,8355,870,0,13.782131661442007,7,1,1.052423698384201
9/5/2017,4:0,637,8432,883,0,13.92778649921507,7,1,1.0521821631878558
9/5/2017,5:0,636,8495,894,0,14.053459119496855,7,1,1.0521483225426722
9/5/2017,5:21,637,1960,252,0,3.208791208791209,7,1,1.042857142857143
9/5/2017,6:0,638,2549,320,0,4.1880877742946705,7,1,1.0482542173401335
9/5/2017,7:0,637,3054,362,0,5.032967032967033,7,1,1.0497707924034054
9/5/2017,8:0,637,3384,405,0,5.569858712715855,7,1,1.0484633569739952
9/5/2017,9:0,637,3692,433,0,6.073783359497646,7,1,1.0479414951245938
9/5/2017,10:0,638,4049,468,0,6.653605015673981,7,1,1.04840701407755
9/5/2017,11:0,638,4494,512,0,7.401253918495298,7,1,1.0507343124165553
9/5/2017,12:0,639,4939,551,0,8.136150234741784,7,1,1.0526422352702975
9/5/2017,13:0,641,5343,589,0,8.765990639625585,7,1,1.051656372824256
9/5/2017,14:0,641,5709,622,0,9.366614664586583,7,1,1.0516727973375373
9/5/2017,15:0,641,6043,662,0,9.9204368174727,7,1,1.0522919079927189
9/5/2017,16:0,641,6338,695,0,10.405616224648986,7,1,1.0523824550331335
9/5/2017,17:0,641,6616,726,0,10.861154446177848,7,1,1.05229746070133
9/5/2017,18:0,641,6811,750,0,11.177847113884555,7,1,1.0519747467332257
9/5/2017,19:0,641,7019,767,0,11.51638065522621,7,1,1.05171676877048
9/5/2017,20:0,644,7282,789,0,11.894409937888199,7,1,1.0519088162592694
9/5/2017,21:0,644,7545,822,0,12.322981366459627,7,1,1.051822398939695
9/5/2017,22:0,644,7765,849,0,12.68167701863354,7,1,1.0517707662588538
9/5/2017,23:0,644,7949,866,0,12.978260869565217,7,1,1.0514530129576047
9/6/2017,0:0,644,8098,880,0,13.228260869565217,7,1,1.0519881452210422
9/6/2017,1:0,645,3563,366,0,5.865116279069768,7,1,1.0617457198989615
9/6/2017,2:0,644,4323,421,0,7.12111801242236,7,1,1.0608373814480685
9/6/2017,2:22,644,2756,303,0,4.504658385093168,7,1,1.052612481857765
9/6/2017,3:0,644,3424,345,0,5.630434782608695,7,1,1.0589953271028036
9/6/2017,4:0,644,3895,382,0,6.413043478260869,7,1,1.0603337612323491
9/6/2017,5:0,644,4269,425,0,7.021739130434782,7,1,1.059264464745842
9/6/2017,6:0,645,4617,467,0,7.573643410852713,7,1,1.0580463504440112
9/6/2017,7:0,646,4925,504,0,8.06811145510836,7,1,1.0582741116751269
9/6/2017,8:0,646,5179,533,0,8.467492260061919,7,1,1.0561884533693764
9/6/2017,9:0,646,5405,556,0,8.823529411764707,7,1,1.0545790934320074
9/6/2017,10:0,648,5694,582,0,9.265432098765432,7,1,1.0544432736213558
9/6/2017,11:0,648,6000,614,0,9.756172839506172,7,1,1.0536666666666668
9/6/2017,12:0,648,6333,646,0,10.285493827160494,7,1,1.0524238117795675
9/6/2017,13:0,648,6586,668,0,10.700617283950617,7,1,1.0528393562101428
9/6/2017,14:0,648,6838,688,0,11.112654320987655,7,1,1.0530856975723897
9/6/2017,15:0,649,7068,723,0,11.48382126348228,7,1,1.0544708545557442
9/6/2017,16:0,649,7288,761,0,11.827426810477657,7,1,1.053238199780461
9/6/2017,17:0,651,7475,784,0,12.089093701996928,7,1,1.0528428093645485
9/6/2017,18:0,652,7645,799,0,12.340490797546012,7,1,1.052452583387835
9/6/2017,19:0,652,7805,813,0,12.593558282208589,7,1,1.052017937219731
9/6/2017,20:0,652,7976,830,0,12.875766871165645,7,1,1.0525325977933802
9/6/2017,21:0,652,8141,853,0,13.133435582822086,7,1,1.0518363837366418
9/6/2017,22:0,652,8288,874,0,13.375766871165645,7,1,1.0522442084942085
9/6/2017,23:0,652,8403,890,0,13.556748466257668,7,1,1.0518862311079376
9/7/2017,0:0,652,8512,903,0,13.736196319018404,7,1,1.0521616541353382
9/7/2017,1:0,652,8601,910,0,13.871165644171779,7,1,1.0515056388792001
9/7/2017,1:17,652,3017,325,0,4.868098159509202,5,1,1.052038448790189
9/7/2017,2:0,653,3805,372,0,6.153139356814702,7,1,1.0559789750328514
9/7/2017,3:0,653,4340,408,0,7.010719754977029,7,1,1.0548387096774194
9/7/2017,4:0,654,4668,454,0,7.536697247706422,7,1,1.0559125964010283
9/7/2017,5:0,654,4991,487,0,8.068807339449542,7,1,1.057303145662192
9/7/2017,6:0,656,5305,528,0,8.548780487804878,7,1,1.0571159283694627
9/7/2017,7:0,656,5559,566,0,8.955792682926829,7,1,1.0568447562511243
9/7/2017,8:0,656,5779,593,0,9.298780487804878,7,1,1.0555459422045337
9/7/2017,9:0,657,6025,612,0,9.672754946727549,7,1,1.0547717842323652
9/7/2017,10:0,657,6272,630,0,10.062404870624048,7,1,1.054049744897959
9/7/2017,11:0,657,6496,654,0,10.415525114155251,7,1,1.053417487684729
9/7/2017,12:0,657,6702,675,0,10.733637747336378,7,1,1.0522232169501642
9/7/2017,13:0,657,6906,700,0,11.050228310502282,7,1,1.05125977410947
9/7/2017,14:0,657,7112,721,0,11.375951293759513,7,1,1.0508998875140607
9/7/2017,15:0,657,7327,740,0,11.715372907153728,7,1,1.0504981574996588
9/7/2017,16:0,657,7573,767,0,12.100456621004566,7,1,1.0497821206919318
9/7/2017,17:0,657,7728,785,0,12.343987823439878,7,1,1.0494306418219461
9/7/2017,18:0,657,7852,799,0,12.54337899543379,7,1,1.0495415180845644
9/7/2017,19:0,657,7990,809,0,12.756468797564688,7,1,1.048936170212766
9/7/2017,20:0,656,8142,825,0,13.024390243902438,7,1,1.049373618275608
9/7/2017,21:0,657,8262,840,0,13.199391171993911,7,1,1.0496247881868797
9/7/2017,22:0,658,8375,853,0,13.355623100303951,7,1,1.049313432835821
9/7/2017,23:0,658,8496,874,0,13.548632218844984,7,1,1.0493173258003767
9/8/2017,0:0,658,8575,882,0,13.67629179331307,7,1,1.0494460641399417
9/8/2017,1:0,658,8646,887,0,13.796352583586627,7,1,1.0499653018736987
9/8/2017,2:0,659,8710,894,0,13.877086494688923,7,1,1.0499425947187142
9/8/2017,3:0,661,8770,899,0,13.928895612708018,7,1,1.0498289623717219
9/8/2017,4:0,660,8802,900,0,13.998484848484848,7,1,1.049647807316519
9/8/2017,5:0,660,8829,904,0,14.048484848484849,7,1,1.0501755578208178
9/8/2017,6:0,661,8850,911,0,14.059001512859304,7,1,1.0500564971751412
9/8/2017,7:0,661,8871,914,0,14.092284417549168,7,1,1.050050727088265
9/8/2017,8:0,661,8889,916,0,14.119515885022693,7,1,1.0499493756328047
9/8/2017,9:0,661,8907,919,0,14.146747352496218,7,1,1.0498484338160996
9/8/2017,10:0,661,8928,924,0,14.184568835098336,7,1,1.050179211469534
9/8/2017,11:0,661,8961,927,0,14.239031770045386,7,1,1.050329204329874
9/8/2017,12:0,661,8994,933,0,14.291981845688351,7,1,1.0503669112741827
9/8/2017,13:0,661,9030,937,0,14.346444780635402,7,1,1.0501661129568107
9/8/2017,13:59,662,9082,946,0,14.406344410876132,7,1,1.050099097115173
9/8/2017,14:0,662,9082,946,0,14.406344410876132,7,1,1.050099097115173
9/8/2017,15:0,662,9144,950,0,14.50453172205438,7,1,1.050087489063867
9/8/2017,16:0,665,9195,955,0,14.518796992481203,7,1,1.0500271886895052
9/8/2017,17:0,667,9249,967,0,14.56071964017991,7,1,1.050059465888204
9/8/2017,18:0,667,9308,975,0,14.650674662668665,7,1,1.0498495917490331
9/8/2017,19:0,668,9365,981,0,14.720059880239521,7,1,1.0499733048585158
9/8/2017,20:0,669,9415,985,0,14.774289985052317,7,1,1.0498141263940521
9/8/2017,20:57,669,3552,403,0,5.553064275037369,7,1,1.0458896396396395
9/8/2017,21:0,670,3696,412,0,5.7746268656716415,7,1,1.0468073593073592
9/8/2017,22:0,671,4903,492,0,7.69150521609538,7,1,1.0526208443809912
9/8/2017,23:0,674,5608,534,0,8.764094955489615,7,1,1.0533166904422253
9/9/2017,0:0,674,6120,563,0,9.583086053412464,7,1,1.0553921568627451
9/9/2017,1:0,675,6509,605,0,10.174814814814814,7,1,1.0551544015977876
9/9/2017,2:0,675,6831,635,0,10.674074074074074,7,1,1.0547504025764896
9/9/2017,3:0,674,7125,668,0,11.152818991097924,7,1,1.0550175438596492
9/9/2017,4:0,676,7375,694,0,11.502958579881657,7,1,1.054372881355932
9/9/2017,5:0,676,7554,709,0,11.778106508875739,7,1,1.0540111199364575
9/9/2017,6:0,676,7705,727,0,12.014792899408285,7,1,1.054120700843608
9/9/2017,7:0,676,7835,741,0,12.208579881656805,7,1,1.0533503509891513
9/9/2017,8:0,676,7970,757,0,12.411242603550296,7,1,1.052697616060226
9/9/2017,9:0,677,8119,774,0,12.620384047267356,7,1,1.0523463480724227
9/9/2017,10:0,677,8242,787,0,12.809453471196456,7,1,1.0521718029604465
9/9/2017,11:0,677,8360,810,0,12.98522895125554,7,1,1.051555023923445
9/9/2017,12:0,676,8462,814,0,13.162721893491124,7,1,1.0515244623020563
9/9/2017,13:0,677,8556,821,0,13.282127031019202,7,1,1.050958391771856
9/9/2017,14:0,678,8649,832,0,13.402654867256636,7,1,1.0506416926812348
9/9/2017,15:0,678,8741,842,0,13.544247787610619,7,1,1.050566296762384
9/9/2017,16:0,680,8838,847,0,13.652941176470588,7,1,1.0504639058610545
9/9/2017,17:0,679,8926,860,0,13.814432989690722,7,1,1.0508626484427515
9/9/2017,18:0,680,9017,872,0,13.945588235294117,7,1,1.0516801596983476
9/9/2017,19:0,680,9103,887,0,14.076470588235294,7,1,1.0515214764363396
9/9/2017,20:0,681,9200,905,0,14.201174743024962,7,1,1.051195652173913
9/9/2017,21:0,680,9270,913,0,14.330882352941176,7,1,1.0512405609492987
9/9/2017,22:0,681,9346,920,0,14.425844346549193,7,1,1.051144874812754
9/9/2017,23:0,681,9417,926,0,14.530102790014684,7,1,1.0507592651587554
9/10/2017,0:0,680,9457,932,0,14.613235294117647,7,1,1.0507560537168235
9/10/2017,1:0,680,9517,936,0,14.705882352941176,7,1,1.0507512871703268
9/10/2017,2:0,680,9566,942,0,14.779411764705882,7,1,1.0505958603386996
9/10/2017,3:0,680,9617,946,0,14.85735294117647,7,1,1.0505355100343143
9/10/2017,4:0,682,9668,955,0,14.89149560117302,7,1,1.05047579644187
9/10/2017,5:0,683,9708,964,0,14.935578330893119,7,1,1.0507828594973219
9/10/2017,6:0,683,9739,972,0,14.989751098096633,7,1,1.0512372933566074
9/10/2017,7:0,683,9760,977,0,15.02489019033675,7,1,1.0514344262295081
9/10/2017,8:0,683,9781,985,0,15.055636896046853,7,1,1.0513239955014824
9/10/2017,9:0,683,9816,989,0,15.106881405563689,7,1,1.0511409942950285
9/10/2017,10:0,683,9836,991,0,15.136163982430453,7,1,1.0510370069133794
9/10/2017,11:0,683,9855,994,0,15.168374816983894,7,1,1.0512430238457635
9/10/2017,12:0,683,9887,998,0,15.216691068814056,7,1,1.051178314959037
9/10/2017,13:0,683,9906,1003,0,15.243045387994144,7,1,1.0509792045225117
9/10/2017,14:0,684,9948,1009,0,15.285087719298245,7,1,1.0509650180940893
9/10/2017,15:0,684,9980,1013,0,15.33187134502924,7,1,1.050801603206413
9/10/2017,16:0,685,10034,1018,0,15.391240875912409,7,1,1.0507275264102054
9/10/2017,16:59,686,10090,1024,0,15.451895043731778,7,1,1.0505450941526264
9/10/2017,17:0,686,10090,1024,0,15.451895043731778,7,1,1.0505450941526264
9/10/2017,18:0,686,10123,1027,0,15.510204081632653,7,1,1.0510718166551418
9/10/2017,19:0,687,10170,1035,0,15.561863173216885,7,1,1.051229105211406
9/10/2017,20:0,687,10216,1041,0,15.630276564774382,7,1,1.0510963194988254
9/10/2017,21:0,687,10264,1048,0,15.704512372634643,7,1,1.051149649259548
9/10/2017,22:0,687,10292,1050,0,15.745269286754002,7,1,1.0510104935872522
9/10/2017,23:0,686,10103,1056,0,15.495626822157435,7,1,1.052162723943383
9/11/2017,2:5,686,3000,319,0,4.623906705539358,7,1,1.0573333333333332
9/11/2017,3:0,686,3898,374,0,6.024781341107872,7,1,1.060287326834274
9/11/2017,4:0,687,4314,416,0,6.6593886462882095,7,1,1.060500695410292
9/11/2017,5:0,687,4689,460,0,7.238719068413392,7,1,1.0605672851354233
9/11/2017,6:0,688,5058,510,0,7.7936046511627906,7,1,1.0601028074337684
9/11/2017,7:0,688,5366,547,0,8.257267441860465,7,1,1.058702944465151
9/11/2017,8:0,688,5624,572,0,8.646802325581396,7,1,1.0577880512091038
9/11/2017,9:0,688,5843,591,0,8.982558139534884,7,1,1.0576758514461748
9/11/2017,10:0,689,6125,623,0,9.391872278664732,7,1,1.0564897959183674
9/11/2017,11:0,689,6400,652,0,9.822931785195935,7,1,1.0575
9/11/2017,12:0,690,6705,678,0,10.273913043478261,7,1,1.0572706935123042
9/11/2017,13:0,690,6929,699,0,10.604347826086956,7,1,1.0559965362967239
9/11/2017,14:0,690,7174,722,0,10.97536231884058,7,1,1.0556175076665737
9/11/2017,15:0,690,7425,741,0,11.347826086956522,7,1,1.0545454545454545
9/11/2017,16:0,690,7677,765,0,11.72463768115942,7,1,1.053797056141722
9/11/2017,17:0,690,7862,785,0,11.997101449275362,7,1,1.052912744848639
9/11/2017,18:0,691,8049,810,0,12.260492040520985,7,1,1.0525531121878495
9/11/2017,19:0,690,8164,829,0,12.453623188405798,7,1,1.052547770700637
9/11/2017,20:0,688,8339,842,0,12.757267441860465,7,1,1.0525242834872286
9/11/2017,21:0,687,4287,443,0,6.551673944687045,7,1,1.0499183578259856
9/11/2017,21:23,687,3169,346,0,4.829694323144105,5,1,1.0470179867466078
9/11/2017,22:0,687,4140,407,0,6.3755458515283845,7,1,1.0579710144927537
9/11/2017,23:58,688,3086,349,0,4.7398255813953485,7,1,1.056707712248866
9/11/2017,23:58,688,3086,347,0,4.7398255813953485,7,1,1.056707712248866
9/11/2017,23:59,688,3072,349,0,4.722383720930233,7,1,1.0576171875
9/12/2017,0:13,688,3063,339,0,4.710755813953488,7,1,1.0581129611492002
9/12/2017,0:46,688,3025,332,0,4.656976744186046,7,1,1.0591735537190083
9/12/2017,1:0,688,3432,350,0,5.295058139534884,7,1,1.0614801864801864
9/12/2017,2:0,688,4271,393,0,6.597383720930233,7,1,1.062748770779677
9/12/2017,3:0,690,4699,417,0,7.223188405797101,7,1,1.0606512023834858
9/12/2017,4:0,691,4997,457,0,7.658465991316932,7,1,1.0590354212527517
9/12/2017,5:0,691,5318,490,0,8.154848046309697,7,1,1.0596088755171118
9/12/2017,6:0,691,5652,532,0,8.652677279305355,7,1,1.0578556263269638
9/12/2017,7:0,690,5949,571,0,9.105797101449275,7,1,1.0561438897293662
9/12/2017,8:0,690,6159,591,0,9.415942028985507,7,1,1.054879038805001
9/12/2017,9:0,690,6355,615,0,9.707246376811595,7,1,1.0539732494099134
9/12/2017,10:0,690,6564,636,0,10.023188405797102,7,1,1.0536258379037173
9/12/2017,11:0,690,6774,661,0,10.33768115942029,7,1,1.0529967522881607
9/12/2017,12:0,690,7012,682,0,10.694202898550724,7,1,1.052338847689675
9/12/2017,13:0,690,7237,706,0,11.027536231884058,7,1,1.0514025148542214
9/12/2017,14:0,690,7457,725,0,11.356521739130434,7,1,1.0508247284430736
9/12/2017,15:0,689,7683,752,0,11.715529753265603,7,1,1.0506312638292334
9/12/2017,16:0,689,7914,781,0,12.078374455732947,7,1,1.0515542077331312
9/12/2017,17:0,689,8095,797,0,12.343976777939043,7,1,1.0506485484867203
9/12/2017,18:0,689,8223,813,0,12.5355587808418,7,1,1.0503465888361911
9/12/2017,19:0,690,8355,828,0,12.714492753623189,7,1,1.050029922202274
9/12/2017,20:0,689,8502,844,0,12.966618287373004,7,1,1.0508115737473536
9/12/2017,21:0,688,8523,857,0,13.026162790697674,7,1,1.0515076850874105
9/12/2017,22:0,688,3530,399,0,5.4186046511627906,7,1,1.0560906515580737
9/12/2017,23:0,689,1815,353,0,2.734397677793904,7,1,1.0380165289256198
9/13/2017,0:0,689,1815,353,0,2.734397677793904,7,1,1.0380165289256198
9/13/2017,1:0,689,1815,353,0,2.734397677793904,7,1,1.0380165289256198
9/13/2017,2:0,691,39,14,0,0.05788712011577424,2,1,1.0256410256410255
9/13/2017,3:0,692,14,14,0,0.02023121387283237,1,1,1
9/13/2017,4:0,692,14,14,0,0.02023121387283237,1,1,1
9/13/2017,4:10,690,2215,258,0,3.373913043478261,7,1,1.0510158013544018
9/13/2017,5:0,691,2988,334,0,4.562952243125904,7,1,1.0552208835341366
9/13/2017,5:38,691,1845,235,0,2.7829232995658466,7,1,1.0422764227642276
9/13/2017,6:0,692,2232,283,0,3.3684971098265897,7,1,1.0443548387096775
9/13/2017,7:0,693,2780,332,0,4.187590187590188,7,1,1.0438848920863308
9/13/2017,8:0,694,3144,363,0,4.72478386167147,7,1,1.04293893129771
9/13/2017,9:0,694,3442,389,0,5.174351585014409,7,1,1.0432887855897734
9/13/2017,10:0,694,3776,412,0,5.681556195965418,7,1,1.0442266949152543
9/13/2017,11:0,695,4276,457,0,6.428776978417266,7,1,1.0449017773620206
9/13/2017,12:0,694,4863,513,0,7.321325648414986,7,1,1.0448282952909727
9/13/2017,13:0,694,5341,558,0,8.043227665706052,7,1,1.0451226362104475
9/13/2017,14:0,694,5768,588,0,8.706051873198847,7,1,1.0475034674063801
9/13/2017,15:0,694,6164,617,0,9.302593659942364,7,1,1.0473718364698248
9/13/2017,16:0,694,6518,657,0,9.844380403458214,7,1,1.0481742865909789
9/13/2017,17:0,693,6796,693,0,10.281385281385282,7,1,1.048410829899941
9/13/2017,18:0,693,7043,714,0,10.663780663780663,7,1,1.049268777509584
9/13/2017,19:0,693,7293,735,0,11.044733044733045,7,1,1.0494995200877555
9/13/2017,20:0,693,7555,748,0,11.445887445887445,7,1,1.0499007279947055
9/13/2017,20:49,692,3082,364,0,4.692196531791907,5,1,1.053536664503569
9/13/2017,21:0,692,3512,399,0,5.358381502890174,7,1,1.0558086560364466
9/13/2017,22:0,692,3511,399,0,5.374277456647399,7,1,1.0592423810880092
9/13/2017,23:0,693,4582,466,0,7.008658008658009,7,1,1.0600174596246181
9/14/2017,0:0,696,5155,503,0,7.843390804597701,7,1,1.0589718719689623
9/14/2017,1:0,695,5584,535,0,8.506474820143884,7,1,1.0587392550143266
9/14/2017,2:0,695,5895,560,0,8.975539568345324,7,1,1.0581849024597116
9/14/2017,2:24,695,2829,335,0,4.305035971223021,5,1,1.057617532697066
9/14/2017,3:0,696,3534,390,0,5.383620689655173,7,1,1.0602716468590832
9/14/2017,4:0,696,4063,424,0,6.185344827586207,7,1,1.059561900073837
9/14/2017,5:0,696,4492,462,0,6.834770114942529,7,1,1.0589937666963491
9/14/2017,6:0,696,4868,500,0,7.399425287356322,7,1,1.0579293344289236
9/14/2017,7:0,696,5203,544,0,7.908045977011494,7,1,1.0578512396694215
9/14/2017,8:0,696,5472,573,0,8.301724137931034,7,1,1.055921052631579
9/14/2017,9:0,697,5723,600,0,8.658536585365853,7,1,1.0545168617857767
9/14/2017,10:0,697,5959,624,0,9.007173601147777,7,1,1.0535324718912569
9/14/2017,11:0,697,6274,648,0,9.474892395982783,7,1,1.0525980235894166
9/14/2017,12:0,698,6541,670,0,9.866762177650429,7,1,1.0528971105335576
9/14/2017,13:0,698,6819,687,0,10.282234957020057,7,1,1.052500366622672
9/14/2017,14:0,699,7063,705,0,10.645207439198856,7,1,1.0535183349851338
9/14/2017,15:0,699,7338,730,0,11.065808297567955,7,1,1.0541019351321885
9/14/2017,16:0,699,7590,756,0,11.437768240343347,7,1,1.0533596837944663
9/14/2017,17:0,698,7807,780,0,11.779369627507164,7,1,1.0531574228256693
9/14/2017,18:0,698,7965,798,0,12.03295128939828,7,1,1.0544883866917765
9/14/2017,19:0,700,3510,459,0,5.287142857142857,7,1,1.0544159544159544
9/14/2017,20:0,700,4759,566,0,7.168571428571428,7,1,1.054423198150872
9/14/2017,21:0,699,5607,630,0,8.469241773962803,7,1,1.0558230782949884
9/14/2017,22:0,701,3703,462,0,5.584878744650499,7,1,1.0572508776667566
9/14/2017,23:0,699,4735,535,0,7.183118741058656,7,1,1.060401267159451
9/15/2017,0:0,701,5399,580,0,8.16833095577746,7,1,1.060566771624375
9/15/2017,1:0,700,5837,611,0,8.844285714285714,7,1,1.0606475929415795
9/15/2017,2:0,700,6193,628,0,9.368571428571428,7,1,1.0589375100920393
9/15/2017,3:0,700,6435,644,0,9.727142857142857,7,1,1.0581196581196581
9/15/2017,3:59,700,6657,665,0,10.065714285714286,7,1,1.0584347303590205
9/15/2017,4:0,700,6658,665,0,10.067142857142857,7,1,1.058425953739862
9/15/2017,5:0,701,6912,695,0,10.433666191155492,7,1,1.0581597222222223
9/15/2017,6:0,701,7156,721,0,10.793152639087019,7,1,1.0572945779765233
9/15/2017,7:0,700,7334,747,0,11.071428571428571,7,1,1.0567221161712572
9/15/2017,8:0,700,7497,758,0,11.307142857142857,7,1,1.0557556355875684
9/15/2017,9:0,700,7609,768,0,11.47,7,1,1.0551977920883164
9/15/2017,10:0,700,7706,773,0,11.612857142857143,7,1,1.054892291720737
9/15/2017,11:0,700,7837,779,0,11.81,7,1,1.054867934158479
9/15/2017,12:0,700,8026,791,0,12.088571428571429,7,1,1.054323448791428
9/15/2017,13:0,700,8198,798,0,12.34142857142857,7,1,1.0537936081971213
9/15/2017,14:0,700,8395,815,0,12.65,7,1,1.0547945205479452
9/15/2017,15:0,699,8572,828,0,12.927038626609441,7,1,1.054129724685021
9/15/2017,16:0,700,8728,844,0,13.14,7,1,1.0538496791934004
9/15/2017,17:0,700,8843,853,0,13.315714285714286,7,1,1.054054054054054
9/15/2017,18:0,701,8972,867,0,13.487874465049929,7,1,1.0538341506910387
9/15/2017,19:0,701,9079,882,0,13.651925820256777,7,1,1.0540808459081397
9/15/2017,20:0,701,9198,891,0,13.82453637660485,7,1,1.053598608393129
9/15/2017,21:0,701,9294,898,0,13.962910128388017,7,1,1.0531525715515386
9/15/2017,22:0,702,4287,512,0,6.434472934472934,7,1,1.053650571495218
9/15/2017,23:0,701,5302,585,0,7.984308131241084,7,1,1.0556393813655225
9/16/2017,0:0,705,5957,626,0,8.920567375886526,7,1,1.0557327513849253
9/16/2017,1:0,706,6390,655,0,9.56657223796034,7,1,1.056964006259781
9/16/2017,2:0,707,6757,677,0,10.104667609618105,7,1,1.057273938138227
9/16/2017,3:0,706,7052,693,0,10.55099150141643,7,1,1.0562960862166761
9/16/2017,3:55,706,3028,375,0,4.525495750708215,7,1,1.0551519154557463
9/16/2017,4:0,706,3188,393,0,4.770538243626063,7,1,1.056461731493099
9/16/2017,5:0,705,2774,339,0,4.156028368794326,7,1,1.0562364816149965
9/16/2017,6:0,705,3564,410,0,5.358865248226951,7,1,1.0600448933782267
9/16/2017,7:0,705,4068,448,0,6.107801418439716,7,1,1.0585054080629301
9/16/2017,8:0,705,4532,497,0,6.790070921985816,7,1,1.0562665489849956
9/16/2017,9:0,704,4963,538,0,7.4289772727272725,7,1,1.0537981059842838
9/16/2017,10:0,704,5347,572,0,7.984375,7,1,1.0512436880493734
9/16/2017,11:0,704,5746,616,0,8.579545454545455,7,1,1.0511660285415942
9/16/2017,12:0,704,6158,654,0,9.204545454545455,7,1,1.0522897044494965
9/16/2017,13:0,705,6594,684,0,9.842553191489362,7,1,1.0523202911737943
9/16/2017,14:0,704,7022,711,0,10.492897727272727,7,1,1.051979493021931
9/16/2017,15:0,705,7374,736,0,11.002836879432625,7,1,1.0519392459994577
9/16/2017,15:59,705,7727,755,0,11.529078014184398,7,1,1.0518959492687978
9/16/2017,16:0,705,7727,755,0,11.529078014184398,7,1,1.0518959492687978
9/16/2017,17:0,705,8027,774,0,11.97872340425532,7,1,1.0520742494082471
9/16/2017,18:0,707,8285,796,0,12.330975954738332,7,1,1.0522631261315631
9/16/2017,19:0,706,8492,819,0,12.658640226628895,7,1,1.0524022609514838
9/16/2017,20:0,706,8672,832,0,12.926345609065155,7,1,1.0523523985239853
9/16/2017,21:0,705,8815,846,0,13.157446808510638,7,1,1.052297220646625
9/16/2017,22:0,706,8922,855,0,13.298866855524079,7,1,1.052342524097736
9/16/2017,23:0,706,9027,866,0,13.450424929178471,7,1,1.051955245374986
9/17/2017,0:0,707,9126,869,0,13.582743988684582,7,1,1.0522682445759368
9/17/2017,1:0,706,9196,880,0,13.719546742209632,7,1,1.053284036537625
9/17/2017,2:0,706,9271,889,0,13.827195467422097,7,1,1.0529608456477186
9/17/2017,3:0,707,9330,898,0,13.892503536067892,7,1,1.0527331189710611
9/17/2017,4:0,708,9387,905,0,13.963276836158192,7,1,1.0531586236284223
9/17/2017,5:0,708,9425,918,0,14.019774011299434,7,1,1.05315649867374
9/17/2017,6:0,708,9469,922,0,14.080508474576272,7,1,1.0528038863660365
9/17/2017,7:0,708,9496,930,0,14.11864406779661,7,1,1.052653748946925
9/17/2017,8:0,708,9513,935,0,14.14406779661017,7,1,1.0526647745190791
9/17/2017,9:0,708,9534,939,0,14.173728813559322,7,1,1.05254877281309
9/17/2017,10:0,708,9565,948,0,14.217514124293785,7,1,1.0523784631468898
9/17/2017,11:0,710,9607,953,0,14.238028169014084,7,1,1.0522535651087748
9/17/2017,12:0,711,9650,962,0,14.282700421940929,7,1,1.0523316062176167
9/17/2017,13:0,712,9690,966,0,14.317415730337078,7,1,1.0520123839009288
9/17/2017,14:0,713,9721,971,0,14.343618513323984,7,1,1.0520522579981484
9/17/2017,15:0,714,9772,975,0,14.401960784313726,7,1,1.0522922636103151
9/17/2017,16:0,714,9823,980,0,14.473389355742297,7,1,1.0520207675862772
9/17/2017,17:0,715,9900,983,0,14.569230769230769,7,1,1.0522222222222222
9/17/2017,17:59,717,9982,998,0,14.645746164574616,7,1,1.0519935884592266
9/17/2017,18:0,717,9982,998,0,14.645746164574616,7,1,1.0519935884592266
9/17/2017,19:0,717,10064,1005,0,14.762900976290098,7,1,1.051768680445151
9/17/2017,20:0,717,10120,1009,0,14.843793584379359,7,1,1.0516798418972333
9/17/2017,21:0,717,10158,1016,0,14.898186889818689,7,1,1.0515849576688325
9/17/2017,22:0,717,10200,1021,0,14.9581589958159,7,1,1.0514705882352942
9/17/2017,23:0,719,10252,1032,0,14.991655076495132,7,1,1.0514046039797114
9/18/2017,0:0,719,4151,446,0,6.095966620305981,7,1,1.0558901469525415
9/18/2017,1:0,720,4938,493,0,7.263888888888889,7,1,1.0591332523288781
9/18/2017,1:9,720,3365,370,0,4.9375,7,1,1.0564635958395245
9/18/2017,2:0,719,4346,423,0,6.389429763560501,7,1,1.0570639668660837
9/18/2017,3:0,719,4839,458,0,7.114047287899861,7,1,1.0570365778053317
9/18/2017,4:0,719,5155,485,0,7.577190542420028,7,1,1.0568380213385062
9/18/2017,4:53,718,2319,290,0,3.3802228412256268,5,1,1.0465717981888745
9/18/2017,5:0,718,2487,301,0,3.6337047353760448,7,1,1.0490550864495376
9/18/2017,6:0,718,3255,378,0,4.775766016713092,7,1,1.0534562211981566
9/18/2017,7:0,719,3711,429,0,5.436717663421419,7,1,1.053354890864996
9/18/2017,8:0,719,4046,468,0,5.917941585535466,7,1,1.0516559565002472
9/18/2017,9:0,718,4302,495,0,6.2994428969359335,7,1,1.0513714551371456
9/18/2017,10:0,718,4593,517,0,6.718662952646239,7,1,1.0502939255388635
9/18/2017,11:0,718,5045,558,0,7.385793871866295,7,1,1.0511397423191278
9/18/2017,12:0,718,5543,608,0,8.119777158774374,7,1,1.0517770160562872
9/18/2017,13:0,720,6001,641,0,8.777777777777779,7,1,1.0531578070321612
9/18/2017,14:0,719,6371,654,0,9.336578581363003,7,1,1.0536807408570084
9/18/2017,15:0,719,6774,679,0,9.920723226703755,7,1,1.0529967522881607
9/18/2017,16:0,720,7118,704,0,10.402777777777779,7,1,1.0522618713121663
9/18/2017,17:0,720,7437,733,0,10.873611111111112,7,1,1.0527094258437542
9/18/2017,18:0,721,7672,754,0,11.205270457697642,7,1,1.0530500521376434
9/18/2017,19:0,722,7929,781,0,11.570637119113574,7,1,1.0536007062681296
9/18/2017,20:0,722,8179,804,0,11.929362880886426,7,1,1.0530627216041082
9/18/2017,21:0,722,4481,512,0,6.558171745152355,7,1,1.05668377594287
9/18/2017,22:0,723,5321,566,0,7.800829875518672,7,1,1.0599511370043224
9/18/2017,23:0,724,5949,599,0,8.697513812154696,7,1,1.058497226424609
9/19/2017,0:0,723,6426,626,0,9.409405255878285,7,1,1.058667911609088
9/19/2017,1:0,723,6736,646,0,9.852005532503458,7,1,1.0574524940617578
9/19/2017,2:0,723,6976,662,0,10.203319502074688,7,1,1.0574827981651376
9/19/2017,3:0,723,7217,678,0,10.550484094052559,7,1,1.0569488707219066
9/19/2017,4:0,723,7393,700,0,10.81466113416321,7,1,1.0576220749357501
9/19/2017,5:0,723,7570,721,0,11.070539419087137,7,1,1.057331571994716
9/19/2017,6:0,723,7757,749,0,11.334716459197788,7,1,1.056465128271239
9/19/2017,7:0,725,7899,770,0,11.508965517241379,7,1,1.0563362450943157
9/19/2017,8:0,725,7991,781,0,11.638620689655172,7,1,1.0559379301714429
9/19/2017,9:0,726,8094,797,0,11.764462809917354,7,1,1.0552260934025204
9/19/2017,10:0,726,8188,809,0,11.899449035812673,7,1,1.0550806057645334
9/19/2017,11:0,726,8290,821,0,12.044077134986226,7,1,1.0547647768395658
9/19/2017,12:0,726,8426,833,0,12.235537190082646,7,1,1.0542368858295752
9/19/2017,13:0,727,8569,855,0,12.416781292984869,7,1,1.0534484770685026
9/19/2017,14:0,727,8733,868,0,12.651994497936727,7,1,1.0532463071109583
9/19/2017,15:0,727,8866,876,0,12.840440165061898,7,1,1.0528987141890367
9/19/2017,16:0,727,8993,893,0,13.023383768913343,7,1,1.052818859112643
9/19/2017,17:0,728,9165,903,0,13.251373626373626,7,1,1.0525913802509548
9/19/2017,18:0,727,9261,912,0,13.405777166437414,7,1,1.0523701544109707
9/19/2017,19:0,727,9274,917,0,13.429160935350756,7,1,1.0527280569333621
9/19/2017,20:0,727,9390,923,0,13.59697386519945,7,1,1.0527156549520766
9/19/2017,21:0,726,4499,498,0,6.5578512396694215,7,1,1.0582351633696376
9/19/2017,22:0,725,5335,558,0,7.801379310344828,7,1,1.0601686972820994
9/19/2017,23:0,727,6031,606,0,8.807427785419533,7,1,1.0616813132150555
9/20/2017,0:0,727,6490,634,0,9.470426409903714,7,1,1.0608628659476118
9/20/2017,1:0,728,6838,650,0,9.958791208791208,7,1,1.0602515355367066
9/20/2017,2:0,726,7105,665,0,10.37190082644628,7,1,1.05981703026038
9/20/2017,3:0,726,7316,677,0,10.681818181818182,7,1,1.060005467468562
9/20/2017,4:0,726,7482,698,0,10.921487603305785,7,1,1.0597433841218926
9/20/2017,4:59,726,7662,725,0,11.180440771349863,7,1,1.059383972853041
9/20/2017,5:0,726,7663,725,0,11.181818181818182,7,1,1.0593762234111967
9/20/2017,6:0,727,7833,743,0,11.405777166437414,7,1,1.058598238222903
9/20/2017,7:0,726,7961,763,0,11.603305785123966,7,1,1.0581585227986434
9/20/2017,8:0,726,8059,777,0,11.741046831955924,7,1,1.0576994664350416
9/20/2017,9:0,727,8144,788,0,11.84181568088033,7,1,1.0570972495088409
9/20/2017,10:0,727,8244,799,0,11.980742778541954,7,1,1.0565259582726831
9/20/2017,11:0,727,8364,810,0,12.149931224209078,7,1,1.056073648971784
9/20/2017,12:0,727,8517,818,0,12.370013755158185,7,1,1.0558882235528941
9/20/2017,13:0,727,8649,833,0,12.562585969738652,7,1,1.0559602266157937
9/20/2017,14:0,727,8789,850,0,12.759284731774416,7,1,1.055410171805666
9/20/2017,15:0,727,8907,865,0,12.931224209078405,7,1,1.0554619961827776
9/20/2017,16:0,727,9016,877,0,13.082530949105914,7,1,1.0549023957409052
9/20/2017,17:0,727,9109,884,0,13.213204951856946,7,1,1.0545614227686904
9/20/2017,18:0,728,9230,894,0,13.376373626373626,7,1,1.0550379198266522
9/20/2017,19:0,728,9309,907,0,13.486263736263735,7,1,1.0546782683424643
9/20/2017,20:0,729,9385,916,0,13.578875171467764,7,1,1.0547682472029836
9/20/2017,20:8,729,3447,425,0,4.98079561042524,7,1,1.0533797505076878